acteur_id,nom,prenom,groupe_code,groupe_libelle_court,yes_no_votes_with_group_majority,votes_with_group,votes_against_group,group_loyalty_rate
PA1001,Daubresse,Marc-Philippe,LES-REP,Les Républicains,25,25,0,1
PA1001,Daubresse,Marc-Philippe,UMP,UMP,95,94,1,0.9894736842105263
PA1012,de la Verpillière,Charles,LES-REP,Les Républicains,52,50,2,0.9615384615384616
PA1012,de la Verpillière,Charles,R-UMP,Rassemblement-UMP,1,1,0,1
PA1012,de la Verpillière,Charles,UMP,UMP,103,103,0,1
PA1020,Debré,Bernard,LES-REP,Les Républicains,63,57,6,0.9047619047619048
PA1020,Debré,Bernard,R-UMP,Rassemblement-UMP,1,1,0,1
PA1020,Debré,Bernard,UMP,UMP,105,102,3,0.9714285714285714
PA1029,Deflesselles,Bernard,LES-REP,Les Républicains,35,34,1,0.9714285714285714
PA1029,Deflesselles,Bernard,UMP,UMP,104,104,0,1
PA1031,Degauchy,Lucien,LES-REP,Les Républicains,30,29,1,0.9666666666666667
PA1031,Degauchy,Lucien,UMP,UMP,83,79,4,0.9518072289156626
PA1032,Deguilhem,Pascal,SER,SER,14,14,0,1
PA1032,Deguilhem,Pascal,SRC,SRC,151,149,2,0.9867549668874173
PA1116,Destot,Michel,SER,SER,14,14,0,1
PA1116,Destot,Michel,SRC,SRC,131,126,5,0.9618320610687023
PA1124,Devedjian,Patrick,LES-REP,Les Républicains,46,39,7,0.8478260869565217
PA1124,Devedjian,Patrick,UMP,UMP,103,102,1,0.9902912621359223
PA1141,Dolez,Marc,GDR,GDR,206,199,7,0.9660194174757282
PA1152,Dord,Dominique,LES-REP,Les Républicains,40,39,1,0.975
PA1152,Dord,Dominique,R-UMP,Rassemblement-UMP,1,1,0,1
PA1152,Dord,Dominique,UMP,UMP,103,101,2,0.9805825242718447
PA1155,Dosière,René,SER,SER,26,25,1,0.9615384615384616
PA1155,Dosière,René,SRC,SRC,173,169,4,0.976878612716763
PA1182,Dufau,Jean-Pierre,SER,SER,27,27,0,1
PA1182,Dufau,Jean-Pierre,SRC,SRC,130,125,5,0.9615384615384616
PA1193,Dumas,William,SER,SER,29,29,0,1
PA1193,Dumas,William,SRC,SRC,179,175,4,0.9776536312849162
PA1198,Dumont,Laurence,SER,SER,17,17,0,1
PA1198,Dumont,Laurence,SRC,SRC,139,131,8,0.9424460431654677
PA1199,Dumont,Jean-Louis,SER,SER,30,30,0,1
PA1199,Dumont,Jean-Louis,SRC,SRC,174,166,8,0.9540229885057471
PA1206,Dupont-Aignan,Nicolas,NI,NI,113,96,17,0.8495575221238938
PA1208,Dupré,Jean-Paul,SER,SER,11,11,0,1
PA1208,Dupré,Jean-Paul,SRC,SRC,137,136,1,0.9927007299270073
PA1214,Durand,Yves,SER,SER,24,24,0,1
PA1214,Durand,Yves,SRC,SRC,189,189,0,1
PA1226,Duron,Philippe,SER,SER,26,26,0,1
PA1226,Duron,Philippe,SRC,SRC,149,146,3,0.9798657718120806
PA1243,Eckert,Christian,SRC,SRC,65,65,0,1
PA1252,Emmanuelli,Henri,SER,SER,11,11,0,1
PA1252,Emmanuelli,Henri,SRC,SRC,122,111,11,0.9098360655737705
PA1263,Estrosi,Christian,LES-REP,Les Républicains,16,15,1,0.9375
PA1263,Estrosi,Christian,R-UMP,Rassemblement-UMP,1,1,0,1
PA1263,Estrosi,Christian,UMP,UMP,95,92,3,0.968421052631579
PA1310,Fillon,François,LES-REP,Les Républicains,36,35,1,0.9722222222222222
PA1310,Fillon,François,R-UMP,Rassemblement-UMP,1,1,0,1
PA1310,Fillon,François,UMP,UMP,103,103,0,1
PA1353,Françaix,Michel,SER,SER,25,23,2,0.92
PA1353,Françaix,Michel,SRC,SRC,122,120,2,0.9836065573770492
PA1362,Franqueville,Christian,SER,SER,27,26,1,0.9629629629629629
PA1362,Franqueville,Christian,SRC,SRC,154,153,1,0.9935064935064936
PA1364,Fraysse,Jacqueline,GDR,GDR,217,216,1,0.9953917050691244
PA1373,Fritch,Édouard,UDI,UDI,38,35,3,0.9210526315789473
PA1379,Fromion,Yves,LES-REP,Les Républicains,56,55,1,0.9821428571428571
PA1379,Fromion,Yves,UMP,UMP,113,112,1,0.9911504424778761
PA1401,Galut,Yann,SER,SER,22,19,3,0.8636363636363636
PA1401,Galut,Yann,SRC,SRC,130,123,7,0.9461538461538461
PA1445,Gaymard,Hervé,LES-REP,Les Républicains,39,38,1,0.9743589743589743
PA1445,Gaymard,Hervé,R-UMP,Rassemblement-UMP,1,1,0,1
PA1445,Gaymard,Hervé,UMP,UMP,131,129,2,0.9847328244274809
PA1459,Gérard,Bernard,LES-REP,Les Républicains,68,66,2,0.9705882352941176
PA1459,Gérard,Bernard,UMP,UMP,122,121,1,0.9918032786885246
PA1466,Gest,Alain,LES-REP,Les Républicains,38,38,0,1
PA1466,Gest,Alain,UMP,UMP,95,95,0,1
PA1477,Ginesta,Jordi,LES-REP,Les Républicains,28,27,1,0.9642857142857143
PA1477,Ginesta,Jordi,R-UMP,Rassemblement-UMP,1,1,0,1
PA1477,Ginesta,Jordi,UMP,UMP,100,100,0,1
PA1483,Giran,Jean-Pierre,LES-REP,Les Républicains,28,27,1,0.9642857142857143
PA1483,Giran,Jean-Pierre,R-UMP,Rassemblement-UMP,1,1,0,1
PA1483,Giran,Jean-Pierre,UMP,UMP,96,96,0,1
PA1496,Glavany,Jean,SER,SER,16,16,0,1
PA1496,Glavany,Jean,SRC,SRC,137,136,1,0.9927007299270073
PA1498,Goasguen,Claude,LES-REP,Les Républicains,46,46,0,1
PA1498,Goasguen,Claude,UMP,UMP,93,90,3,0.967741935483871
PA1521,Goujon,Philippe,LES-REP,Les Républicains,62,61,1,0.9838709677419355
PA1521,Goujon,Philippe,UMP,UMP,105,104,1,0.9904761904761905
PA1567,Guedj,Jérôme,SRC,SRC,65,64,1,0.9846153846153847
PA1574,Guibal,Jean-Claude,LES-REP,Les Républicains,45,44,1,0.9777777777777777
PA1574,Guibal,Jean-Claude,R-UMP,Rassemblement-UMP,1,1,0,1
PA1574,Guibal,Jean-Claude,UMP,UMP,102,102,0,1
PA1579,Guigou,Élisabeth,SER,SER,14,14,0,1
PA1579,Guigou,Élisabeth,SRC,SRC,156,156,0,1
PA1585,Guillet,Jean-Jacques,LES-REP,Les Républicains,53,47,6,0.8867924528301887
PA1585,Guillet,Jean-Jacques,R-UMP,Rassemblement-UMP,1,1,0,1
PA1585,Guillet,Jean-Jacques,UMP,UMP,103,101,2,0.9805825242718447
PA1592,Habib,David,SER,SER,26,26,0,1
PA1592,Habib,David,SRC,SRC,145,141,4,0.9724137931034482
PA1630,Herbillon,Michel,LES-REP,Les Républicains,36,36,0,1
PA1630,Herbillon,Michel,UMP,UMP,100,100,0,1
PA1661,Houillon,Philippe,LES-REP,Les Républicains,57,51,6,0.8947368421052632
PA1661,Houillon,Philippe,R-UMP,Rassemblement-UMP,1,1,0,1
PA1661,Houillon,Philippe,UMP,UMP,112,112,0,1
PA1689,Imbert,Françoise,SER,SER,17,17,0,1
PA1689,Imbert,Françoise,SRC,SRC,171,170,1,0.9941520467836257
PA1695,Jacob,Christian,LES-REP,Les Républicains,70,70,0,1
PA1695,Jacob,Christian,UMP,UMP,140,140,0,1
PA1699,Jacquat,Denis,LES-REP,Les Républicains,46,45,1,0.9782608695652174
PA1699,Jacquat,Denis,UMP,UMP,119,116,3,0.9747899159663865
PA1710,Janquin,Serge,SER,SER,11,11,0,1
PA1710,Janquin,Serge,SRC,SRC,153,147,6,0.9607843137254902
PA1748,Jung,Armand,SRC,SRC,117,116,1,0.9914529914529915
PA1761,Kert,Christian,LES-REP,Les Républicains,64,64,0,1
PA1761,Kert,Christian,UMP,UMP,109,109,0,1
PA1770,Kossowski,Jacques,LES-REP,Les Républicains,32,32,0,1
PA1770,Kossowski,Jacques,UMP,UMP,102,102,0,1
PA1778,Labaune,Patrick,LES-REP,Les Républicains,26,26,0,1
PA1778,Labaune,Patrick,UMP,UMP,82,81,1,0.9878048780487805
PA1789,Lacuey,Conchita,SER,SER,13,13,0,1
PA1789,Lacuey,Conchita,SRC,SRC,134,133,1,0.9925373134328358
PA1790,Laffineur,Marc,LES-REP,Les Républicains,26,25,1,0.9615384615384616
PA1790,Laffineur,Marc,UMP,UMP,112,110,2,0.9821428571428571
PA1809,Lambert,Jérôme,RRDP,RRDP,68,61,7,0.8970588235294118
PA1809,Lambert,Jérôme,SRC,SRC,48,46,2,0.9583333333333334
PA1816,Lamy,François,SER,SER,13,13,0,1
PA1816,Lamy,François,SRC,SRC,70,60,10,0.8571428571428571
PA1838,Lassalle,Jean,NI,NI,132,119,13,0.9015151515151515
PA1844,Launay,Jean,SER,SER,34,34,0,1
PA1844,Launay,Jean,SRC,SRC,227,222,5,0.9779735682819384
PA1857,Lazaro,Thierry,LES-REP,Les Républicains,37,36,1,0.972972972972973
PA1857,Lazaro,Thierry,R-UMP,Rassemblement-UMP,1,1,0,1
PA1857,Lazaro,Thierry,UMP,UMP,92,91,1,0.9891304347826086
PA1866,Le Bris,Gilbert,SER,SER,23,23,0,1
PA1866,Le Bris,Gilbert,SRC,SRC,164,158,6,0.9634146341463414
PA1871,Le Déaut,Jean-Yves,SER,SER,25,25,0,1
PA1871,Le Déaut,Jean-Yves,SRC,SRC,139,138,1,0.9928057553956835
PA1874,Le Fur,Marc,LES-REP,Les Républicains,67,64,3,0.9552238805970149
PA1874,Le Fur,Marc,UMP,UMP,199,196,3,0.9849246231155779
PA1880,Le Guen,Jean-Marie,SRC,SRC,63,62,1,0.9841269841269841
PA1886,Le Roux,Bruno,SER,SER,43,41,2,0.9534883720930233
PA1886,Le Roux,Bruno,SRC,SRC,292,290,2,0.9931506849315068
PA1893,Lebranchu,Marylise,SER,SER,23,23,0,1
PA1893,Lebranchu,Marylise,SRC,SRC,8,8,0,1
PA1911,Lefait,Michel,SER,SER,12,12,0,1
PA1911,Lefait,Michel,SRC,SRC,144,144,0,1
PA1931,Lellouche,Pierre,LES-REP,Les Républicains,54,47,7,0.8703703703703703
PA1931,Lellouche,Pierre,R-UMP,Rassemblement-UMP,1,1,0,1
PA1931,Lellouche,Pierre,UMP,UMP,115,113,2,0.9826086956521739
PA1936,Lemasle,Patrick,SER,SER,25,25,0,1
PA1936,Lemasle,Patrick,SRC,SRC,134,132,2,0.9850746268656716
PA1946,Leonetti,Jean,LES-REP,Les Républicains,49,48,1,0.9795918367346939
PA1946,Leonetti,Jean,R-UMP,Rassemblement-UMP,1,1,0,1
PA1946,Leonetti,Jean,UMP,UMP,99,99,0,1
PA1954,Lequiller,Pierre,LES-REP,Les Républicains,53,53,0,1
PA1954,Lequiller,Pierre,UMP,UMP,112,112,0,1
PA1960,Leroy,Maurice,UDI,UDI,132,130,2,0.9848484848484849
PA1963,Lesage,Michel,SER,SER,14,14,0,1
PA1963,Lesage,Michel,SRC,SRC,172,169,3,0.9825581395348837
PA1977,Liebgott,Michel,SER,SER,16,16,0,1
PA1977,Liebgott,Michel,SRC,SRC,175,175,0,1
PA1979,Lignières-Cassou,Martine,SER,SER,25,25,0,1
PA1979,Lignières-Cassou,Martine,SRC,SRC,191,183,8,0.9581151832460733
PA1991,Loncle,François,SER,SER,29,28,1,0.9655172413793104
PA1991,Loncle,François,SRC,SRC,184,179,5,0.9728260869565217
PA2011,Luca,Lionnel,LES-REP,Les Républicains,27,27,0,1
PA2011,Luca,Lionnel,UMP,UMP,84,80,4,0.9523809523809523
PA2045,Mamère,Noël,ECOLO,Écolo,115,110,5,0.9565217391304348
PA2045,Mamère,Noël,NI,NI,16,15,1,0.9375
PA2048,Mancel,Jean-François,LES-REP,Les Républicains,54,51,3,0.9444444444444444
PA2048,Mancel,Jean-François,UMP,UMP,102,102,0,1
PA2051,Mandon,Thierry,SRC,SRC,67,67,0,1
PA2073,Mariani,Thierry,LES-REP,Les Républicains,48,41,7,0.8541666666666666
PA2073,Mariani,Thierry,UMP,UMP,105,101,4,0.9619047619047619
PA2075,Marie-Jeanne,Alfred,GDR,GDR,90,83,7,0.9222222222222223
PA2083,Mariton,Hervé,LES-REP,Les Républicains,44,41,3,0.9318181818181818
PA2083,Mariton,Hervé,UMP,UMP,99,97,2,0.9797979797979798
PA2084,Marleix,Alain,LES-REP,Les Républicains,33,32,1,0.9696969696969697
PA2084,Marleix,Alain,R-UMP,Rassemblement-UMP,1,1,0,1
PA2084,Marleix,Alain,UMP,UMP,101,100,1,0.9900990099009901
PA2086,Marlin,Franck,LES-REP,Les Républicains,30,29,1,0.9666666666666667
PA2086,Marlin,Franck,UMP,UMP,84,82,2,0.9761904761904762
PA2089,Marsaud,Alain,LES-REP,Les Républicains,40,36,4,0.9
PA2089,Marsaud,Alain,UMP,UMP,92,92,0,1
PA2098,Martin,Philippe Armand,LES-REP,Les Républicains,46,42,4,0.9130434782608695
PA2098,Martin,Philippe Armand,R-UMP,Rassemblement-UMP,1,1,0,1
PA2098,Martin,Philippe Armand,UMP,UMP,101,101,0,1
PA2099,Martin-Lalande,Patrice,LES-REP,Les Républicains,49,47,2,0.9591836734693877
PA2099,Martin-Lalande,Patrice,UMP,UMP,104,104,0,1
PA2124,Mathis,Jean-Claude,LES-REP,Les Républicains,42,40,2,0.9523809523809523
PA2124,Mathis,Jean-Claude,R-UMP,Rassemblement-UMP,1,1,0,1
PA2124,Mathis,Jean-Claude,UMP,UMP,112,111,1,0.9910714285714286
PA2155,Menuel,Gérard,LES-REP,Les Républicains,69,69,0,1
PA2155,Menuel,Gérard,UMP,UMP,18,18,0,1
PA216574,Hillmeyer,Francis,UDI,UDI,116,112,4,0.9655172413793104
PA2191,Mignon,Jean-Claude,LES-REP,Les Républicains,55,51,4,0.9272727272727272
PA2191,Mignon,Jean-Claude,R-UMP,Rassemblement-UMP,1,1,0,1
PA2191,Mignon,Jean-Claude,UMP,UMP,91,90,1,0.989010989010989
PA2229,Morange,Pierre,LES-REP,Les Républicains,46,46,0,1
PA2229,Morange,Pierre,UMP,UMP,103,103,0,1
PA2236,Morin,Hervé,UDI,UDI,92,89,3,0.967391304347826
PA223837,Brochand,Bernard,LES-REP,Les Républicains,28,28,0,1
PA223837,Brochand,Bernard,R-UMP,Rassemblement-UMP,1,1,0,1
PA223837,Brochand,Bernard,UMP,UMP,100,100,0,1
PA2240,Moscovici,Pierre,SRC,SRC,10,10,0,1
PA2250,Moyne-Bressand,Alain,LES-REP,Les Républicains,51,50,1,0.9803921568627451
PA2250,Moyne-Bressand,Alain,UMP,UMP,102,101,1,0.9901960784313726
PA2257,Myard,Jacques,LES-REP,Les Républicains,54,53,1,0.9814814814814815
PA2257,Myard,Jacques,UMP,UMP,115,110,5,0.9565217391304348
PA2265,Nauche,Philippe,SER,SER,26,26,0,1
PA2265,Nauche,Philippe,SRC,SRC,148,148,0,1
PA2277,Nicolin,Yves,LES-REP,Les Républicains,52,52,0,1
PA2277,Nicolin,Yves,UMP,UMP,109,109,0,1
PA2295,Ollier,Patrick,LES-REP,Les Républicains,44,44,0,1
PA2295,Ollier,Patrick,R-UMP,Rassemblement-UMP,1,1,0,1
PA2295,Ollier,Patrick,UMP,UMP,110,110,0,1
PA230,Accoyer,Bernard,LES-REP,Les Républicains,63,62,1,0.9841269841269841
PA230,Accoyer,Bernard,UMP,UMP,126,124,2,0.9841269841269841
PA230329,Lamour,Jean-François,LES-REP,Les Républicains,40,36,4,0.9
PA230329,Lamour,Jean-François,R-UMP,Rassemblement-UMP,1,1,0,1
PA230329,Lamour,Jean-François,UMP,UMP,119,118,1,0.9915966386554622
PA2317,Pajon,Michel,SER,SER,15,15,0,1
PA2317,Pajon,Michel,SRC,SRC,119,119,0,1
PA2338,Paul,Christian,SER,SER,13,12,1,0.9230769230769231
PA2338,Paul,Christian,SRC,SRC,156,117,39,0.75
PA2343,Peiro,Germinal,SER,SER,11,11,0,1
PA2343,Peiro,Germinal,SRC,SRC,167,163,4,0.9760479041916168
PA2345,Pélissard,Jacques,LES-REP,Les Républicains,34,33,1,0.9705882352941176
PA2345,Pélissard,Jacques,UMP,UMP,117,117,0,1
PA2365,Perez,Jean-Claude,SER,SER,14,14,0,1
PA2365,Perez,Jean-Claude,SRC,SRC,132,131,1,0.9924242424242424
PA2374,Gaillard,Geneviève,SER,SER,24,24,0,1
PA2374,Gaillard,Geneviève,SRC,SRC,174,157,17,0.9022988505747126
PA2377,Perrut,Bernard,LES-REP,Les Républicains,53,52,1,0.9811320754716981
PA2377,Perrut,Bernard,UMP,UMP,111,111,0,1
PA2424,Plagnol,Henri,UDI,UDI,3,3,0,1
PA243,Albarello,Yves,LES-REP,Les Républicains,61,59,2,0.9672131147540983
PA243,Albarello,Yves,UMP,UMP,109,108,1,0.9908256880733946
PA2430,Plisson,Philippe,SER,SER,30,27,3,0.9
PA2430,Plisson,Philippe,SRC,SRC,161,151,10,0.937888198757764
PA2492,Quentin,Didier,LES-REP,Les Républicains,35,33,2,0.9428571428571428
PA2492,Quentin,Didier,UMP,UMP,104,104,0,1
PA2503,Raimbourg,Dominique,SER,SER,38,38,0,1
PA2503,Raimbourg,Dominique,SRC,SRC,204,201,3,0.9852941176470589
PA2529,Reitzer,Jean-Luc,LES-REP,Les Républicains,29,29,0,1
PA2529,Reitzer,Jean-Luc,UMP,UMP,102,100,2,0.9803921568627451
PA2549,Reynaud,Marie-Line,SER,SER,17,17,0,1
PA2549,Reynaud,Marie-Line,SRC,SRC,143,136,7,0.951048951048951
PA259,Ameline,Nicole,LES-REP,Les Républicains,49,47,2,0.9591836734693877
PA259,Ameline,Nicole,UMP,UMP,104,101,3,0.9711538461538461
PA2597,Rochebloine,François,UDI,UDI,160,158,2,0.9875
PA2600,Rodet,Alain,SER,SER,13,13,0,1
PA2600,Rodet,Alain,SRC,SRC,124,122,2,0.9838709677419355
PA2603,Rogemont,Marcel,SER,SER,11,11,0,1
PA2603,Rogemont,Marcel,SRC,SRC,129,125,4,0.9689922480620154
PA2611,Roman,Bernard,SER,SER,7,7,0,1
PA2611,Roman,Bernard,SRC,SRC,142,139,3,0.9788732394366197
PA2631,Rouquet,René,SER,SER,29,29,0,1
PA2631,Rouquet,René,SRC,SRC,127,125,2,0.984251968503937
PA2664,Salen,Paul,LES-REP,Les Républicains,32,32,0,1
PA2664,Salen,Paul,UMP,UMP,97,97,0,1
PA2667,Salles,Rudy,UDI,UDI,114,112,2,0.9824561403508771
PA266774,Furst,Laurent,LES-REP,Les Républicains,51,50,1,0.9803921568627451
PA266774,Furst,Laurent,UMP,UMP,142,141,1,0.9929577464788732
PA266776,Reiss,Frédéric,LES-REP,Les Républicains,98,96,2,0.9795918367346939
PA266776,Reiss,Frédéric,R-UMP,Rassemblement-UMP,1,1,0,1
PA266776,Reiss,Frédéric,UMP,UMP,188,185,3,0.9840425531914894
PA266788,Morel-À-L'Huissier,Pierre,LES-REP,Les Républicains,81,79,2,0.9753086419753086
PA266788,Morel-À-L'Huissier,Pierre,UMP,UMP,121,119,2,0.9834710743801653
PA266797,Gosselin,Philippe,LES-REP,Les Républicains,61,60,1,0.9836065573770492
PA266797,Gosselin,Philippe,UMP,UMP,131,129,2,0.9847328244274809
PA266863,Fougerat,Jean-Pierre,SRC,SRC,73,73,0,1
PA267013,Sordi,Michel,LES-REP,Les Républicains,48,47,1,0.9791666666666666
PA267013,Sordi,Michel,R-UMP,Rassemblement-UMP,1,1,0,1
PA267013,Sordi,Michel,UMP,UMP,125,124,1,0.992
PA267042,Favennec-Bécot,Yannick,UDI,UDI,156,151,5,0.967948717948718
PA267057,Lett,Céleste,LES-REP,Les Républicains,32,32,0,1
PA267057,Lett,Céleste,R-UMP,Rassemblement-UMP,1,1,0,1
PA267057,Lett,Céleste,UMP,UMP,97,95,2,0.979381443298969
PA267075,Blanc,Étienne,LES-REP,Les Républicains,18,15,3,0.8333333333333334
PA267075,Blanc,Étienne,UMP,UMP,114,112,2,0.9824561403508771
PA267080,Bertrand,Xavier,LES-REP,Les Républicains,13,13,0,1
PA267080,Bertrand,Xavier,UMP,UMP,101,100,1,0.9900990099009901
PA267091,Massat,Frédérique,SER,SER,44,44,0,1
PA267091,Massat,Frédérique,SRC,SRC,238,234,4,0.9831932773109243
PA267148,Gilard,Franck,LES-REP,Les Républicains,30,29,1,0.9666666666666667
PA267148,Gilard,Franck,UMP,UMP,96,94,2,0.9791666666666666
PA267151,Gorges,Jean-Pierre,LES-REP,Les Républicains,39,38,1,0.9743589743589743
PA267151,Gorges,Jean-Pierre,UMP,UMP,103,98,5,0.9514563106796117
PA267165,Chatel,Luc,LES-REP,Les Républicains,43,42,1,0.9767441860465116
PA267165,Chatel,Luc,UMP,UMP,99,98,1,0.98989898989899
PA267178,Dhuicq,Nicolas,LES-REP,Les Républicains,62,54,8,0.8709677419354839
PA267178,Dhuicq,Nicolas,UMP,UMP,159,149,10,0.9371069182389937
PA267188,Carrillon-Couvreur,Martine,SER,SER,16,16,0,1
PA267188,Carrillon-Couvreur,Martine,SRC,SRC,179,179,0,1
PA267200,Huyghe,Sébastien,LES-REP,Les Républicains,42,41,1,0.9761904761904762
PA267200,Huyghe,Sébastien,UMP,UMP,104,104,0,1
PA267204,Sermier,Jean-Marie,LES-REP,Les Républicains,68,68,0,1
PA267204,Sermier,Jean-Marie,UMP,UMP,110,109,1,0.990909090909091
PA267227,Grosskost,Arlette,LES-REP,Les Républicains,50,49,1,0.98
PA267227,Grosskost,Arlette,R-UMP,Rassemblement-UMP,1,1,0,1
PA267227,Grosskost,Arlette,UMP,UMP,122,120,2,0.9836065573770492
PA267233,Bouillon,Christophe,SER,SER,29,28,1,0.9655172413793104
PA267233,Bouillon,Christophe,SRC,SRC,156,155,1,0.9935897435897436
PA267241,Demilly,Stéphane,UDI,UDI,103,103,0,1
PA267246,Heinrich,Michel,LES-REP,Les Républicains,61,53,8,0.8688524590163934
PA267246,Heinrich,Michel,R-UMP,Rassemblement-UMP,1,1,0,1
PA267246,Heinrich,Michel,UMP,UMP,107,106,1,0.9906542056074766
PA267260,Poletti,Bérengère,LES-REP,Les Républicains,59,58,1,0.9830508474576272
PA267260,Poletti,Bérengère,R-UMP,Rassemblement-UMP,1,1,0,1
PA267260,Poletti,Bérengère,UMP,UMP,119,110,9,0.9243697478991597
PA267266,Censi,Yves,LES-REP,Les Républicains,40,40,0,1
PA267266,Censi,Yves,UMP,UMP,105,103,2,0.9809523809523809
PA267278,Martin,Philippe,SER,SER,10,10,0,1
PA267278,Martin,Philippe,SRC,SRC,98,90,8,0.9183673469387755
PA267285,Wauquiez,Laurent,LES-REP,Les Républicains,43,43,0,1
PA267285,Wauquiez,Laurent,R-UMP,Rassemblement-UMP,1,1,0,1
PA267285,Wauquiez,Laurent,UMP,UMP,96,88,8,0.9166666666666666
PA267289,Door,Jean-Pierre,LES-REP,Les Républicains,68,68,0,1
PA267289,Door,Jean-Pierre,UMP,UMP,140,139,1,0.9928571428571429
PA267306,Chassaigne,André,GDR,GDR,214,214,0,1
PA267317,Le Mèner,Dominique,LES-REP,Les Républicains,34,30,4,0.8823529411764706
PA267317,Le Mèner,Dominique,R-UMP,Rassemblement-UMP,1,1,0,1
PA267317,Le Mèner,Dominique,UMP,UMP,103,102,1,0.9902912621359223
PA267327,Meslot,Damien,LES-REP,Les Républicains,43,42,1,0.9767441860465116
PA267327,Meslot,Damien,UMP,UMP,92,89,3,0.967391304347826
PA267330,Zumkeller,Michel,UDI,UDI,117,116,1,0.9914529914529915
PA267330,Zumkeller,Michel,UMP,UMP,1,1,0,1
PA267336,Giraud,Joël,RRDP,RRDP,197,194,3,0.9847715736040609
PA267355,Herth,Antoine,LES-REP,Les Républicains,52,51,1,0.9807692307692307
PA267355,Herth,Antoine,UMP,UMP,124,121,3,0.9758064516129032
PA267358,Christ,Jean-Louis,LES-REP,Les Républicains,36,35,1,0.9722222222222222
PA267358,Christ,Jean-Louis,R-UMP,Rassemblement-UMP,1,1,0,1
PA267358,Christ,Jean-Louis,UMP,UMP,107,103,4,0.9626168224299065
PA267378,Levy,Geneviève,LES-REP,Les Républicains,47,44,3,0.9361702127659575
PA267378,Levy,Geneviève,R-UMP,Rassemblement-UMP,1,1,0,1
PA267378,Levy,Geneviève,UMP,UMP,111,111,0,1
PA267407,Giacobbi,Paul,RRDP,RRDP,169,162,7,0.9585798816568047
PA267429,Cinieri,Dino,LES-REP,Les Républicains,66,66,0,1
PA267429,Cinieri,Dino,R-UMP,Rassemblement-UMP,1,1,0,1
PA267429,Cinieri,Dino,UMP,UMP,122,120,2,0.9836065573770492
PA267433,Bourdouleix,Gilles,NI,NI,63,57,6,0.9047619047619048
PA267433,Bourdouleix,Gilles,UDI,UDI,37,37,0,1
PA267450,Delatte,Rémi,LES-REP,Les Républicains,50,49,1,0.98
PA267450,Delatte,Rémi,R-UMP,Rassemblement-UMP,1,1,0,1
PA267450,Delatte,Rémi,UMP,UMP,115,115,0,1
PA267457,Aboud,Élie,LES-REP,Les Républicains,41,41,0,1
PA267457,Aboud,Élie,UMP,UMP,112,111,1,0.9910714285714286
PA267459,Greff,Claude,LES-REP,Les Républicains,43,43,0,1
PA267459,Greff,Claude,R-UMP,Rassemblement-UMP,1,1,0,1
PA267459,Greff,Claude,UMP,UMP,135,134,1,0.9925925925925926
PA267469,Piron,Michel,R-UMP,Rassemblement-UMP,1,1,0,1
PA267469,Piron,Michel,UDI,UDI,124,116,8,0.9354838709677419
PA267469,Piron,Michel,UMP,UMP,10,10,0,1
PA267479,Mesquida,Kléber,SER,SER,19,18,1,0.9473684210526315
PA267479,Mesquida,Kléber,SRC,SRC,117,108,9,0.9230769230769231
PA267492,Candelier,Jean-Jacques,GDR,GDR,135,134,1,0.9925925925925926
PA267499,Guilloteau,Christophe,LES-REP,Les Républicains,37,35,2,0.9459459459459459
PA267499,Guilloteau,Christophe,UMP,UMP,95,94,1,0.9894736842105263
PA2675,Santini,André,UDI,UDI,101,100,1,0.9900990099009901
PA267506,Vitel,Philippe,LES-REP,Les Républicains,67,66,1,0.9850746268656716
PA267506,Vitel,Philippe,UMP,UMP,138,136,2,0.9855072463768116
PA267512,Marc,Alain,R-UMP,Rassemblement-UMP,1,1,0,1
PA267512,Marc,Alain,UMP,UMP,64,61,3,0.953125
PA267527,Saddier,Martial,LES-REP,Les Républicains,64,64,0,1
PA267527,Saddier,Martial,UMP,UMP,146,146,0,1
PA267532,Francina,Marc,LES-REP,Les Républicains,47,47,0,1
PA267532,Francina,Marc,UMP,UMP,105,105,0,1
PA267534,Pane,Luce,SER,SER,14,14,0,1
PA267534,Pane,Luce,SRC,SRC,123,122,1,0.991869918699187
PA267551,Lamblin,Jacques,LES-REP,Les Républicains,51,51,0,1
PA267551,Lamblin,Jacques,UMP,UMP,113,113,0,1
PA267556,Marty,Alain,LES-REP,Les Républicains,39,39,0,1
PA267556,Marty,Alain,UMP,UMP,102,102,0,1
PA267576,Bonnot,Marcel,LES-REP,Les Républicains,32,31,1,0.96875
PA267576,Bonnot,Marcel,R-UMP,Rassemblement-UMP,1,1,0,1
PA267576,Bonnot,Marcel,UMP,UMP,96,95,1,0.9895833333333334
PA267585,Vercamer,Francis,UDI,UDI,185,184,1,0.9945945945945946
PA267591,Fenech,Georges,LES-REP,Les Républicains,54,51,3,0.9444444444444444
PA267591,Fenech,Georges,UMP,UMP,116,114,2,0.9827586206896551
PA267598,Pons,Josette,LES-REP,Les Républicains,60,60,0,1
PA267598,Pons,Josette,UMP,UMP,108,108,0,1
PA267605,Pécresse,Valérie,LES-REP,Les Républicains,12,12,0,1
PA267605,Pécresse,Valérie,R-UMP,Rassemblement-UMP,1,1,0,1
PA267605,Pécresse,Valérie,UMP,UMP,100,99,1,0.99
PA267623,Da Silva,Carlos,SER,SER,12,11,1,0.9166666666666666
PA267623,Da Silva,Carlos,SRC,SRC,191,190,1,0.9947643979057592
PA267628,Kosciusko-Morizet,Nathalie,LES-REP,Les Républicains,58,53,5,0.9137931034482759
PA267628,Kosciusko-Morizet,Nathalie,UMP,UMP,100,97,3,0.97
PA267673,Folliot,Philippe,UDI,UDI,122,120,2,0.9836065573770492
PA267680,Ginesy,Charles-Ange,LES-REP,Les Républicains,55,53,2,0.9636363636363636
PA267680,Ginesy,Charles-Ange,R-UMP,Rassemblement-UMP,1,1,0,1
PA267680,Ginesy,Charles-Ange,UMP,UMP,102,101,1,0.9901960784313726
PA267689,de Rocca Serra,Camille,LES-REP,Les Républicains,54,53,1,0.9814814814814815
PA267689,de Rocca Serra,Camille,R-UMP,Rassemblement-UMP,1,1,0,1
PA267689,de Rocca Serra,Camille,UMP,UMP,117,115,2,0.9829059829059829
PA267695,Adam,Patricia,SER,SER,26,26,0,1
PA267695,Adam,Patricia,SRC,SRC,170,167,3,0.9823529411764705
PA267706,Appéré,Nathalie,SER,SER,21,21,0,1
PA267706,Appéré,Nathalie,SRC,SRC,173,173,0,1
PA267728,Priou,Christophe,LES-REP,Les Républicains,34,32,2,0.9411764705882353
PA267728,Priou,Christophe,R-UMP,Rassemblement-UMP,1,1,0,1
PA267728,Priou,Christophe,UMP,UMP,92,87,5,0.9456521739130435
PA267735,de Ganay,Claude,LES-REP,Les Républicains,54,54,0,1
PA267735,de Ganay,Claude,UMP,UMP,117,116,1,0.9914529914529915
PA267743,Courtial,Édouard,LES-REP,Les Républicains,44,43,1,0.9772727272727273
PA267743,Courtial,Édouard,UMP,UMP,97,97,0,1
PA267762,Decool,Jean-Pierre,LES-REP,Les Républicains,38,38,0,1
PA267762,Decool,Jean-Pierre,UMP,UMP,97,92,5,0.9484536082474226
PA267765,Villain,François-Xavier,UDI,UDI,84,82,2,0.9761904761904762
PA267775,Cochet,Philippe,LES-REP,Les Républicains,46,44,2,0.9565217391304348
PA267775,Cochet,Philippe,UMP,UMP,106,104,2,0.9811320754716981
PA267785,Larrivé,Guillaume,LES-REP,Les Républicains,91,87,4,0.9560439560439561
PA267785,Larrivé,Guillaume,UMP,UMP,168,167,1,0.9940476190476191
PA267794,Tabarot,Michèle,LES-REP,Les Républicains,44,44,0,1
PA267794,Tabarot,Michèle,UMP,UMP,97,97,0,1
PA267797,Vautrin,Catherine,LES-REP,Les Républicains,51,50,1,0.9803921568627451
PA267797,Vautrin,Catherine,UMP,UMP,105,105,0,1
PA267801,Jégo,Yves,UDI,UDI,110,105,5,0.9545454545454546
PA267813,Geoffroy,Guy,LES-REP,Les Républicains,73,69,4,0.9452054794520548
PA267813,Geoffroy,Guy,R-UMP,Rassemblement-UMP,1,1,0,1
PA267813,Geoffroy,Guy,UMP,UMP,145,143,2,0.9862068965517241
PA267822,Bénisti,Jacques Alain,LES-REP,Les Républicains,34,34,0,1
PA267822,Bénisti,Jacques Alain,R-UMP,Rassemblement-UMP,1,1,0,1
PA267822,Bénisti,Jacques Alain,UMP,UMP,105,105,0,1
PA267835,Le Bouillonnec,Jean-Yves,SER,SER,30,30,0,1
PA267835,Le Bouillonnec,Jean-Yves,SRC,SRC,247,243,4,0.9838056680161943
PA267886,Poniatowski,Axel,LES-REP,Les Républicains,47,46,1,0.9787234042553191
PA267886,Poniatowski,Axel,UMP,UMP,98,96,2,0.9795918367346939
PA267895,Chartier,Jérôme,LES-REP,Les Républicains,34,33,1,0.9705882352941176
PA267895,Chartier,Jérôme,R-UMP,Rassemblement-UMP,1,1,0,1
PA267895,Chartier,Jérôme,UMP,UMP,90,90,0,1
PA267918,Guilbert,Thérèse,SRC,SRC,87,86,1,0.9885057471264368
PA267923,Delcourt,Guy,SER,SER,16,16,0,1
PA267923,Delcourt,Guy,SRC,SRC,174,169,5,0.9712643678160919
PA267954,Hoffman-Rispal,Danièle,SRC,SRC,71,71,0,1
PA267965,Lepetit,Annick,SER,SER,41,40,1,0.975609756097561
PA267965,Lepetit,Annick,SRC,SRC,170,167,3,0.9823529411764705
PA268019,Lagarde,Jean-Christophe,UDI,UDI,123,121,2,0.983739837398374
PA268039,Jalton,Éric,SER,SER,14,14,0,1
PA268039,Jalton,Éric,SRC,SRC,110,110,0,1
PA268042,Louis-Carabin,Gabrielle,SER,SER,20,20,0,1
PA268042,Louis-Carabin,Gabrielle,SRC,SRC,149,147,2,0.9865771812080537
PA268048,Lurel,Victorin,SER,SER,15,14,1,0.9333333333333333
PA268048,Lurel,Victorin,SRC,SRC,61,59,2,0.9672131147540983
PA268051,Grouard,Serge,LES-REP,Les Républicains,40,39,1,0.975
PA268051,Grouard,Serge,R-UMP,Rassemblement-UMP,1,1,0,1
PA268051,Grouard,Serge,UMP,UMP,114,99,15,0.868421052631579
PA2685,Saugues,Odile,SER,SER,12,12,0,1
PA2685,Saugues,Odile,SRC,SRC,138,134,4,0.9710144927536232
PA2690,Sauvadet,François,UDI,UDI,111,111,0,1
PA2693,Sauvan,Gilbert,SER,SER,20,20,0,1
PA2693,Sauvan,Gilbert,SRC,SRC,121,121,0,1
PA2700,Scellier,François,LES-REP,Les Républicains,53,53,0,1
PA2700,Scellier,François,UMP,UMP,102,102,0,1
PA2707,Schneider,André,LES-REP,Les Républicains,36,36,0,1
PA2707,Schneider,André,UMP,UMP,110,109,1,0.990909090909091
PA271,Andrieux,Sylvie,NI,NI,86,41,45,0.47674418604651164
PA271,Andrieux,Sylvie,SRC,SRC,24,24,0,1
PA2713,Schwartzenberg,Roger-Gérard,RRDP,RRDP,176,172,4,0.9772727272727273
PA2775,Suguenot,Alain,LES-REP,Les Républicains,34,33,1,0.9705882352941176
PA2775,Suguenot,Alain,UMP,UMP,103,102,1,0.9902912621359223
PA2792,Taugourdeau,Jean-Charles,LES-REP,Les Républicains,48,48,0,1
PA2792,Taugourdeau,Jean-Charles,UMP,UMP,109,108,1,0.9908256880733946
PA2796,Teissier,Guy,LES-REP,Les Républicains,29,28,1,0.9655172413793104
PA2796,Teissier,Guy,R-UMP,Rassemblement-UMP,1,1,0,1
PA2796,Teissier,Guy,UMP,UMP,96,95,1,0.9895833333333334
PA2799,Terrasse,Pascal,SER,SER,13,12,1,0.9230769230769231
PA2799,Terrasse,Pascal,SRC,SRC,135,131,4,0.9703703703703703
PA2800,Terrier,Gérard,NI,NI,2,2,0,1
PA2800,Terrier,Gérard,SRC,SRC,87,87,0,1
PA2801,Terrot,Michel,LES-REP,Les Républicains,56,52,4,0.9285714285714286
PA2801,Terrot,Michel,R-UMP,Rassemblement-UMP,1,1,0,1
PA2801,Terrot,Michel,UMP,UMP,118,117,1,0.9915254237288136
PA2815,Tian,Dominique,LES-REP,Les Républicains,77,77,0,1
PA2815,Tian,Dominique,UMP,UMP,164,159,5,0.9695121951219512
PA2828,Tourret,Alain,RRDP,RRDP,204,196,8,0.9607843137254902
PA2859,Vaillant,Daniel,SER,SER,15,15,0,1
PA2859,Vaillant,Daniel,SRC,SRC,153,152,1,0.9934640522875817
PA2876,Vannson,François,LES-REP,Les Républicains,32,32,0,1
PA2876,Vannson,François,R-UMP,Rassemblement-UMP,1,1,0,1
PA2876,Vannson,François,UMP,UMP,97,97,0,1
PA2883,Vauzelle,Michel,SER,SER,27,27,0,1
PA2883,Vauzelle,Michel,SRC,SRC,122,122,0,1
PA2895,Vergnier,Michel,SER,SER,21,21,0,1
PA2895,Vergnier,Michel,SRC,SRC,139,134,5,0.9640287769784173
PA2907,Vialatte,Jean-Sébastien,LES-REP,Les Républicains,25,24,1,0.96
PA2907,Vialatte,Jean-Sébastien,UMP,UMP,82,82,0,1
PA2912,Vidalies,Alain,SRC,SRC,12,12,0,1
PA2936,Voisin,Michel,LES-REP,Les Républicains,63,59,4,0.9365079365079365
PA2936,Voisin,Michel,UMP,UMP,98,96,2,0.9795918367346939
PA295,Asensi,François,GDR,GDR,145,145,0,1
PA2952,Warsmann,Jean-Luc,LES-REP,Les Républicains,35,35,0,1
PA2952,Warsmann,Jean-Luc,UMP,UMP,95,90,5,0.9473684210526315
PA2960,Woerth,Éric,LES-REP,Les Républicains,46,46,0,1
PA2960,Woerth,Éric,R-UMP,Rassemblement-UMP,1,1,0,1
PA2960,Woerth,Éric,UMP,UMP,117,117,0,1
PA2971,Zimmermann,Marie-Jo,LES-REP,Les Républicains,55,55,0,1
PA2971,Zimmermann,Marie-Jo,UMP,UMP,114,109,5,0.956140350877193
PA304016,Hurel,Sandrine,SRC,SRC,125,124,1,0.992
PA309643,Besse,Véronique,NI,NI,141,130,11,0.9219858156028369
PA314,Audibert Troin,Olivier,LES-REP,Les Républicains,48,48,0,1
PA314,Audibert Troin,Olivier,UMP,UMP,102,101,1,0.9901960784313726
PA328,Ayrault,Jean-Marc,SRC,SRC,55,55,0,1
PA330008,Breton,Xavier,LES-REP,Les Républicains,71,68,3,0.9577464788732394
PA330008,Breton,Xavier,UMP,UMP,150,145,5,0.9666666666666667
PA330118,Chambefort,Guy,SER,SER,16,16,0,1
PA330118,Chambefort,Guy,SRC,SRC,182,180,2,0.989010989010989
PA330130,Lesterlin,Bernard,SER,SER,26,25,1,0.9615384615384616
PA330130,Lesterlin,Bernard,SRC,SRC,152,151,1,0.993421052631579
PA330240,Ciotti,Éric,LES-REP,Les Républicains,73,70,3,0.958904109589041
PA330240,Ciotti,Éric,R-UMP,Rassemblement-UMP,1,1,0,1
PA330240,Ciotti,Éric,UMP,UMP,108,108,0,1
PA330357,Dussopt,Olivier,SER,SER,25,25,0,1
PA330357,Dussopt,Olivier,SRC,SRC,181,180,1,0.994475138121547
PA330546,Marcel,Marie-Lou,SER,SER,23,23,0,1
PA330546,Marcel,Marie-Lou,SRC,SRC,181,169,12,0.9337016574585635
PA330613,Jibrayel,Henri,SER,SER,25,24,1,0.96
PA330613,Jibrayel,Henri,SRC,SRC,145,143,2,0.9862068965517241
PA330684,Boyer,Valérie,LES-REP,Les Républicains,52,49,3,0.9423076923076923
PA330684,Boyer,Valérie,UMP,UMP,113,112,1,0.9911504424778761
PA330788,Reynès,Bernard,LES-REP,Les Républicains,42,42,0,1
PA330788,Reynès,Bernard,UMP,UMP,96,95,1,0.9895833333333334
PA330981,Pinville,Martine,SRC,SRC,204,203,1,0.9950980392156863
PA331014,Quéré,Catherine,SER,SER,38,36,2,0.9473684210526315
PA331014,Quéré,Catherine,SRC,SRC,205,200,5,0.975609756097561
PA331146,Gandolfi-Scheit,Sauveur,LES-REP,Les Républicains,59,58,1,0.9830508474576272
PA331146,Gandolfi-Scheit,Sauveur,UMP,UMP,111,110,1,0.990990990990991
PA331282,Erhel,Corinne,SER,SER,27,27,0,1
PA331282,Erhel,Corinne,SRC,SRC,225,218,7,0.9688888888888889
PA331442,Reynier,Franck,UDI,UDI,111,111,0,1
PA331481,Le Maire,Bruno,LES-REP,Les Républicains,33,33,0,1
PA331481,Le Maire,Bruno,UMP,UMP,97,96,1,0.9896907216494846
PA331567,de La Raudière,Laure,LES-REP,Les Républicains,42,42,0,1
PA331567,de La Raudière,Laure,UMP,UMP,112,107,5,0.9553571428571429
PA331582,Vigier,Philippe,UDI,UDI,202,200,2,0.9900990099009901
PA331594,Urvoas,Jean-Jacques,SRC,SRC,216,206,10,0.9537037037037037
PA331658,Le Loch,Annick,SER,SER,34,33,1,0.9705882352941176
PA331658,Le Loch,Annick,SRC,SRC,200,193,7,0.965
PA331753,Lemorton,Catherine,SER,SER,42,38,4,0.9047619047619048
PA331753,Lemorton,Catherine,SRC,SRC,245,230,15,0.9387755102040817
PA331807,Martinel,Martine,SER,SER,25,25,0,1
PA331807,Martinel,Martine,SRC,SRC,162,155,7,0.9567901234567902
PA331835,Iborra,Monique,SER,SER,31,30,1,0.967741935483871
PA331835,Iborra,Monique,SRC,SRC,176,171,5,0.9715909090909091
PA331924,Delaunay,Michèle,SER,SER,22,20,2,0.9090909090909091
PA331924,Delaunay,Michèle,SRC,SRC,87,82,5,0.9425287356321839
PA331973,Got,Pascale,SER,SER,13,13,0,1
PA331973,Got,Pascale,SRC,SRC,145,142,3,0.9793103448275862
PA331990,Rousset,Alain,SER,SER,12,12,0,1
PA331990,Rousset,Alain,SRC,SRC,125,122,3,0.976
PA332015,Faure,Martine,SER,SER,16,16,0,1
PA332015,Faure,Martine,SRC,SRC,147,142,5,0.9659863945578231
PA332206,Marsac,Jean-René,SER,SER,27,27,0,1
PA332206,Marsac,Jean-René,SRC,SRC,142,135,7,0.9507042253521126
PA332228,Benoit,Thierry,UDI,UDI,179,176,3,0.9832402234636871
PA332305,Gille,Jean-Patrick,SER,SER,30,28,2,0.9333333333333333
PA332305,Gille,Jean-Patrick,SRC,SRC,181,154,27,0.850828729281768
PA332364,Fioraso,Geneviève,SER,SER,23,23,0,1
PA332364,Fioraso,Geneviève,SRC,SRC,25,25,0,1
PA332384,Issindou,Michel,SER,SER,36,36,0,1
PA332384,Issindou,Michel,SRC,SRC,218,218,0,1
PA332523,Dalloz,Marie-Christine,LES-REP,Les Républicains,79,79,0,1
PA332523,Dalloz,Marie-Christine,UMP,UMP,141,141,0,1
PA332614,Juanico,Régis,SER,SER,35,34,1,0.9714285714285714
PA332614,Juanico,Régis,SRC,SRC,150,141,9,0.94
PA332636,Gagnaire,Jean-Louis,SER,SER,28,26,2,0.9285714285714286
PA332636,Gagnaire,Jean-Louis,SRC,SRC,165,160,5,0.9696969696969697
PA332747,de Rugy,François,ECOLO,Écolo,203,180,23,0.8866995073891626
PA332747,de Rugy,François,SER,SER,32,32,0,1
PA332747,de Rugy,François,SRC,SRC,2,2,0,1
PA332796,Ménard,Michel,SER,SER,32,31,1,0.96875
PA332796,Ménard,Michel,SRC,SRC,177,174,3,0.9830508474576272
PA332843,Bouillé,Marie-Odile,SER,SER,13,13,0,1
PA332843,Bouillé,Marie-Odile,SRC,SRC,130,127,3,0.9769230769230769
PA332886,Carré,Olivier,LES-REP,Les Républicains,26,25,1,0.9615384615384616
PA332886,Carré,Olivier,UMP,UMP,113,107,6,0.9469026548672567
PA332950,Orliac,Dominique,RRDP,RRDP,165,157,8,0.9515151515151515
PA333043,Goua,Marc,SER,SER,12,12,0,1
PA333043,Goua,Marc,SRC,SRC,133,133,0,1
PA333134,Huet,Guénhaël,LES-REP,Les Républicains,53,51,2,0.9622641509433962
PA333134,Huet,Guénhaël,UMP,UMP,98,98,0,1
PA333224,Apparu,Benoist,LES-REP,Les Républicains,34,31,3,0.9117647058823529
PA333224,Apparu,Benoist,UMP,UMP,120,117,3,0.975
PA333285,Garot,Guillaume,SER,SER,26,25,1,0.9615384615384616
PA333285,Garot,Guillaume,SRC,SRC,76,75,1,0.9868421052631579
PA333335,Féron,Hervé,SER,SER,15,15,0,1
PA333335,Féron,Hervé,SRC,SRC,111,105,6,0.9459459459459459
PA333421,Pancher,Bertrand,UDI,UDI,136,130,6,0.9558823529411765
PA333611,Filippetti,Aurélie,SER,SER,10,10,0,1
PA333611,Filippetti,Aurélie,SRC,SRC,50,24,26,0.48
PA333818,Hutin,Christian,SER,SER,14,14,0,1
PA333818,Hutin,Christian,SRC,SRC,146,120,26,0.821917808219178
PA334,Bacquet,Jean-Paul,SER,SER,21,19,2,0.9047619047619048
PA334,Bacquet,Jean-Paul,SRC,SRC,137,130,7,0.948905109489051
PA334116,Maquet,Jacqueline,SER,SER,22,22,0,1
PA334116,Maquet,Jacqueline,SRC,SRC,147,146,1,0.9931972789115646
PA334149,Fasquelle,Daniel,LES-REP,Les Républicains,49,49,0,1
PA334149,Fasquelle,Daniel,UMP,UMP,140,140,0,1
PA334160,Cuvillier,Frédéric,SER,SER,21,21,0,1
PA334160,Cuvillier,Frédéric,SRC,SRC,54,53,1,0.9814814814814815
PA334654,Straumann,Éric,LES-REP,Les Républicains,47,46,1,0.9787234042553191
PA334654,Straumann,Éric,UMP,UMP,142,139,3,0.9788732394366197
PA334755,Muet,Pierre-Alain,SER,SER,17,16,1,0.9411764705882353
PA334755,Muet,Pierre-Alain,SRC,SRC,138,123,15,0.8913043478260869
PA334768,Touraine,Jean-Louis,SER,SER,18,18,0,1
PA334768,Touraine,Jean-Louis,SRC,SRC,177,167,10,0.943502824858757
PA334811,Crozon,Pascale,SER,SER,30,30,0,1
PA334811,Crozon,Pascale,SRC,SRC,162,155,7,0.9567901234567902
PA334843,Verchère,Patrice,LES-REP,Les Républicains,78,74,4,0.9487179487179487
PA334843,Verchère,Patrice,UMP,UMP,117,115,2,0.9829059829059829
PA334906,Meunier,Philippe,LES-REP,Les Républicains,57,55,2,0.9649122807017544
PA334906,Meunier,Philippe,UMP,UMP,134,129,5,0.9626865671641791
PA334951,Villaumé,Jean-Michel,SER,SER,24,23,1,0.9583333333333334
PA334951,Villaumé,Jean-Michel,SRC,SRC,187,183,4,0.9786096256684492
PA335017,Sirugue,Christophe,SER,SER,8,8,0,1
PA335017,Sirugue,Christophe,SRC,SRC,201,193,8,0.9601990049751243
PA335054,Karamanli,Marietta,SER,SER,15,15,0,1
PA335054,Karamanli,Marietta,SRC,SRC,193,192,1,0.9948186528497409
PA335159,Tardy,Lionel,LES-REP,Les Républicains,65,60,5,0.9230769230769231
PA335159,Tardy,Lionel,UMP,UMP,110,96,14,0.8727272727272727
PA335319,Mazetier,Sandrine,SER,SER,35,35,0,1
PA335319,Mazetier,Sandrine,SRC,SRC,215,207,8,0.9627906976744186
PA335532,Pau-Langevin,George,SER,SER,8,8,0,1
PA335543,Fourneyron,Valérie,SER,SER,39,38,1,0.9743589743589743
PA335543,Fourneyron,Valérie,SRC,SRC,99,98,1,0.98989898989899
PA335567,Guégot,Françoise,LES-REP,Les Républicains,43,42,1,0.9767441860465116
PA335567,Guégot,Françoise,R-UMP,Rassemblement-UMP,1,1,0,1
PA335567,Guégot,Françoise,UMP,UMP,95,93,2,0.9789473684210527
PA335758,Riester,Franck,LES-REP,Les Républicains,30,30,0,1
PA335758,Riester,Franck,UMP,UMP,113,110,3,0.9734513274336283
PA335999,Batho,Delphine,SER,SER,24,22,2,0.9166666666666666
PA335999,Batho,Delphine,SRC,SRC,117,105,12,0.8974358974358975
PA336015,Grellier,Jean,SER,SER,31,31,0,1
PA336015,Grellier,Jean,SRC,SRC,177,176,1,0.9943502824858758
PA336112,Valax,Jacques,SER,SER,21,21,0,1
PA336112,Valax,Jacques,SRC,SRC,151,147,4,0.9735099337748344
PA336175,Pinel,Sylvia,RRDP,RRDP,17,17,0,1
PA336316,Bouchet,Jean-Claude,LES-REP,Les Républicains,43,41,2,0.9534883720930233
PA336316,Bouchet,Jean-Claude,UMP,UMP,95,94,1,0.9894736842105263
PA336421,Coutelle,Catherine,SER,SER,21,20,1,0.9523809523809523
PA336421,Coutelle,Catherine,SRC,SRC,175,168,7,0.96
PA336439,Clément,Jean-Michel,SER,SER,18,18,0,1
PA336439,Clément,Jean-Michel,SRC,SRC,175,162,13,0.9257142857142857
PA336576,Fort,Marie-Louise,LES-REP,Les Républicains,49,49,0,1
PA336576,Fort,Marie-Louise,UMP,UMP,103,103,0,1
PA336971,Goldberg,Daniel,SER,SER,19,17,2,0.8947368421052632
PA336971,Goldberg,Daniel,SRC,SRC,177,141,36,0.7966101694915254
PA337483,Letchimy,Serge,SER,SER,15,15,0,1
PA337483,Letchimy,Serge,SRC,SRC,140,138,2,0.9857142857142858
PA337504,Berthelot,Chantal,SER,SER,23,23,0,1
PA337504,Berthelot,Chantal,SRC,SRC,173,167,6,0.9653179190751445
PA337550,Lebreton,Patrick,SRC,SRC,108,105,3,0.9722222222222222
PA337568,Fruteau,Jean-Claude,SER,SER,13,13,0,1
PA337568,Fruteau,Jean-Claude,SRC,SRC,110,110,0,1
PA337633,Girardin,Annick,RRDP,RRDP,62,61,1,0.9838709677419355
PA339,Baert,Dominique,SER,SER,18,15,3,0.8333333333333334
PA339,Baert,Dominique,SRC,SRC,188,182,6,0.9680851063829787
PA340432,Fauré,Alain,SER,SER,28,26,2,0.9285714285714286
PA340432,Fauré,Alain,SRC,SRC,193,188,5,0.9740932642487047
PA340755,Charroux,Gaby,GDR,GDR,144,144,0,1
PA341246,Le Dissez,Viviane,SER,SER,34,33,1,0.9705882352941176
PA341246,Le Dissez,Viviane,SRC,SRC,206,197,9,0.9563106796116505
PA341339,Langlade,Colette,SER,SER,22,21,1,0.9545454545454546
PA341339,Langlade,Colette,SRC,SRC,159,157,2,0.9874213836477987
PA341981,Récalde,Marie,SER,SER,25,25,0,1
PA341981,Récalde,Marie,SRC,SRC,133,128,5,0.9624060150375939
PA342332,Beffara,Jean-Marie,SER,SER,19,17,2,0.8947368421052632
PA342332,Beffara,Jean-Marie,SRC,SRC,207,202,5,0.9758454106280193
PA342415,Battistel,Marie-Noëlle,SER,SER,22,22,0,1
PA342415,Battistel,Marie-Noëlle,SRC,SRC,223,219,4,0.9820627802690582
PA342539,Delaunay,Florence,SER,SER,28,27,1,0.9642857142857143
PA342539,Delaunay,Florence,SRC,SRC,143,135,8,0.9440559440559441
PA342935,Dubois,Marianne,LES-REP,Les Républicains,59,56,3,0.9491525423728814
PA342935,Dubois,Marianne,R-UMP,Rassemblement-UMP,1,1,0,1
PA342935,Dubois,Marianne,UMP,UMP,110,107,3,0.9727272727272728
PA342997,Gouget,Jean-Claude,SRC,SRC,20,20,0,1
PA343408,Fournel,Jean-Marc,SER,SER,27,27,0,1
PA343408,Fournel,Jean-Marc,SRC,SRC,84,83,1,0.9880952380952381
PA343493,Rouillard,Gwendal,SER,SER,12,12,0,1
PA343493,Rouillard,Gwendal,SRC,SRC,143,137,6,0.958041958041958
PA343623,Grommerch,Anne,LES-REP,Les Républicains,15,14,1,0.9333333333333333
PA343623,Grommerch,Anne,R-UMP,Rassemblement-UMP,1,1,0,1
PA343623,Grommerch,Anne,UMP,UMP,101,100,1,0.9900990099009901
PA344114,Cottel,Jean-Jacques,SER,SER,27,24,3,0.8888888888888888
PA344114,Cottel,Jean-Jacques,SRC,SRC,166,160,6,0.963855421686747
PA344242,Kemel,Philippe,SER,SER,24,23,1,0.9583333333333334
PA344242,Kemel,Philippe,SRC,SRC,115,115,0,1
PA344492,Siré,Fernand,LES-REP,Les Républicains,33,33,0,1
PA344492,Siré,Fernand,UMP,UMP,123,116,7,0.943089430894309
PA344545,Elkouby,Éric,SER,SER,34,34,0,1
PA344776,Nachury,Dominique,LES-REP,Les Républicains,61,60,1,0.9836065573770492
PA344776,Nachury,Dominique,UMP,UMP,143,143,0,1
PA345619,Philippe,Édouard,LES-REP,Les Républicains,33,31,2,0.9393939393939394
PA345619,Philippe,Édouard,UMP,UMP,94,91,3,0.9680851063829787
PA345897,Richard,Arnaud,UDI,UDI,189,181,8,0.9576719576719577
PA345937,Poisson,Jean-Frédéric,LES-REP,Les Républicains,68,61,7,0.8970588235294118
PA345937,Poisson,Jean-Frédéric,UMP,UMP,143,138,5,0.965034965034965
PA345994,Drapeau,Jean-Luc,SRC,SRC,42,42,0,1
PA346,Balkany,Patrick,LES-REP,Les Républicains,46,46,0,1
PA346,Balkany,Patrick,UMP,UMP,98,96,2,0.9795918367346939
PA346170,Moignard,Jacques,RRDP,RRDP,126,121,5,0.9603174603174603
PA346876,Solère,Thierry,LES-REP,Les Républicains,66,64,2,0.9696969696969697
PA346876,Solère,Thierry,UMP,UMP,112,102,10,0.9107142857142857
PA346886,Lefebvre,Frédéric,LES-REP,Les Républicains,35,34,1,0.9714285714285714
PA346886,Lefebvre,Frédéric,UMP,UMP,70,65,5,0.9285714285714286
PA356,Bapt,Gérard,SER,SER,33,33,0,1
PA356,Bapt,Gérard,SRC,SRC,212,203,9,0.9575471698113207
PA369,Baroin,François,R-UMP,Rassemblement-UMP,1,1,0,1
PA369,Baroin,François,UMP,UMP,76,75,1,0.9868421052631579
PA394,Bataille,Christian,SER,SER,15,15,0,1
PA394,Bataille,Christian,SRC,SRC,129,124,5,0.9612403100775194
PA405480,Pupponi,François,SER,SER,31,29,2,0.9354838709677419
PA405480,Pupponi,François,SRC,SRC,168,166,2,0.9880952380952381
PA417099,Robinet,Arnaud,LES-REP,Les Républicains,54,52,2,0.9629629629629629
PA417099,Robinet,Arnaud,R-UMP,Rassemblement-UMP,1,1,0,1
PA417099,Robinet,Arnaud,UMP,UMP,115,113,2,0.9826086956521739
PA422119,Douillet,David,LES-REP,Les Républicains,62,61,1,0.9838709677419355
PA422119,Douillet,David,UMP,UMP,95,93,2,0.9789473684210527
PA441,Bello,Huguette,GDR,GDR,87,75,12,0.8620689655172413
PA508,Biémouret,Gisèle,SER,SER,30,30,0,1
PA508,Biémouret,Gisèle,SRC,SRC,217,215,2,0.9907834101382489
PA536,Blazy,Jean-Pierre,SER,SER,10,10,0,1
PA536,Blazy,Jean-Pierre,SRC,SRC,119,103,16,0.865546218487395
PA543,Bloche,Patrick,SER,SER,32,32,0,1
PA543,Bloche,Patrick,SRC,SRC,146,144,2,0.9863013698630136
PA551,Bocquet,Alain,GDR,GDR,109,109,0,1
PA560,Boisserie,Daniel,SER,SER,24,24,0,1
PA560,Boisserie,Daniel,SRC,SRC,132,131,1,0.9924242424242424
PA563,Bompard,Jacques,NI,NI,162,141,21,0.8703703703703703
PA588,Borloo,Jean-Louis,UDI,UDI,44,43,1,0.9772727272727273
PA588872,Duflot,Cécile,ECOLO,Écolo,88,88,0,1
PA588872,Duflot,Cécile,NI,NI,18,18,0,1
PA590031,Arif,Kader,SER,SER,27,25,2,0.9259259259259259
PA590031,Arif,Kader,SRC,SRC,35,32,3,0.9142857142857143
PA590032,Hamon,Benoît,SER,SER,14,11,3,0.7857142857142857
PA590032,Hamon,Benoît,SRC,SRC,70,51,19,0.7285714285714285
PA590034,Carlotti,Marie-Arlette,SER,SER,26,26,0,1
PA590034,Carlotti,Marie-Arlette,SRC,SRC,106,102,4,0.9622641509433962
PA605036,Abad,Damien,LES-REP,Les Républicains,52,52,0,1
PA605036,Abad,Damien,UMP,UMP,104,102,2,0.9807692307692307
PA605069,Bricout,Jean-Louis,SER,SER,41,37,4,0.9024390243902439
PA605069,Bricout,Jean-Louis,SRC,SRC,205,194,11,0.9463414634146341
PA605076,Bechtel,Marie-Françoise,SER,SER,22,22,0,1
PA605076,Bechtel,Marie-Françoise,SRC,SRC,180,157,23,0.8722222222222222
PA605084,Krabal,Jacques,RRDP,RRDP,149,142,7,0.9530201342281879
PA605131,Castaner,Christophe,SER,SER,17,15,2,0.8823529411764706
PA605131,Castaner,Christophe,SRC,SRC,151,151,0,1
PA605143,Berger,Karine,SER,SER,20,18,2,0.9
PA605143,Berger,Karine,SRC,SRC,143,135,8,0.9440559440559441
PA605261,Buis,Sabine,SER,SER,19,19,0,1
PA605261,Buis,Sabine,SRC,SRC,143,139,4,0.972027972027972
PA605278,Léonard,Christophe,SER,SER,22,19,3,0.8636363636363636
PA605278,Léonard,Christophe,SRC,SRC,134,109,25,0.8134328358208955
PA605349,Fabre,Marie-Hélène,SER,SER,29,29,0,1
PA605349,Fabre,Marie-Hélène,SRC,SRC,191,186,5,0.9738219895287958
PA605426,Mennucci,Patrick,SER,SER,26,25,1,0.9615384615384616
PA605426,Mennucci,Patrick,SRC,SRC,174,171,3,0.9827586206896551
PA605518,Lambert,François-Michel,ECOLO,Écolo,131,122,9,0.9312977099236641
PA605518,Lambert,François-Michel,SER,SER,30,30,0,1
PA605518,Lambert,François-Michel,SRC,SRC,2,2,0,1
PA605557,Ciot,Jean-David,SER,SER,30,30,0,1
PA605557,Ciot,Jean-David,SRC,SRC,146,142,4,0.9726027397260274
PA605606,Valter,Clotilde,SRC,SRC,194,193,1,0.9948453608247423
PA605625,Attard,Isabelle,ECOLO,Écolo,151,137,14,0.9072847682119205
PA605625,Attard,Isabelle,NI,NI,40,36,4,0.9
PA605643,Calmette,Alain,SER,SER,31,31,0,1
PA605643,Calmette,Alain,SRC,SRC,220,219,1,0.9954545454545455
PA605694,Falorni,Olivier,RRDP,RRDP,147,128,19,0.8707482993197279
PA605703,Tallard,Suzanne,SER,SER,35,33,2,0.9428571428571428
PA605703,Tallard,Suzanne,SRC,SRC,264,215,49,0.8143939393939394
PA605745,Sansu,Nicolas,GDR,GDR,173,171,2,0.9884393063583815
PA605758,Dessus,Sophie,SRC,SRC,160,157,3,0.98125
PA605782,Marcangeli,Laurent,LES-REP,Les Républicains,30,30,0,1
PA605782,Marcangeli,Laurent,UMP,UMP,93,87,6,0.9354838709677419
PA605804,Grandguillaume,Laurent,SER,SER,15,15,0,1
PA605804,Grandguillaume,Laurent,SRC,SRC,151,150,1,0.9933774834437086
PA605830,Bouziane-Laroussi,Kheira,SER,SER,15,15,0,1
PA605830,Bouziane-Laroussi,Kheira,SRC,SRC,182,145,37,0.7967032967032966
PA605888,Le Houerou,Annie,SER,SER,40,39,1,0.975
PA605888,Le Houerou,Annie,SRC,SRC,238,229,9,0.9621848739495799
PA605922,Allain,Brigitte,ECOLO,Écolo,166,165,1,0.9939759036144579
PA605922,Allain,Brigitte,NI,NI,33,29,4,0.8787878787878788
PA605952,Romagnan,Barbara,SER,SER,31,26,5,0.8387096774193549
PA605952,Romagnan,Barbara,SRC,SRC,192,143,49,0.7447916666666666
PA605963,Alauzet,Éric,ECOLO,Écolo,167,159,8,0.9520958083832335
PA605963,Alauzet,Éric,SER,SER,39,31,8,0.7948717948717948
PA605991,Genevard,Annie,LES-REP,Les Républicains,69,69,0,1
PA605991,Genevard,Annie,R-UMP,Rassemblement-UMP,1,1,0,1
PA605991,Genevard,Annie,UMP,UMP,160,160,0,1
PA606030,Nieson,Nathalie,SER,SER,23,23,0,1
PA606030,Nieson,Nathalie,SRC,SRC,158,156,2,0.9873417721518988
PA606040,Destans,Jean-Louis,SER,SER,25,23,2,0.92
PA606040,Destans,Jean-Louis,SRC,SRC,165,163,2,0.9878787878787879
PA606098,Marleix,Olivier,LES-REP,Les Républicains,73,72,1,0.9863013698630136
PA606098,Marleix,Olivier,UMP,UMP,111,106,5,0.954954954954955
PA606149,Bleunven,Jean-Luc,SER,SER,13,10,3,0.7692307692307693
PA606149,Bleunven,Jean-Luc,SRC,SRC,173,158,15,0.9132947976878613
PA606161,Guittet,Chantal,SER,SER,39,37,2,0.9487179487179487
PA606161,Guittet,Chantal,SRC,SRC,226,208,18,0.9203539823008849
PA606171,Ferrand,Richard,SER,SER,12,11,1,0.9166666666666666
PA606171,Ferrand,Richard,SRC,SRC,176,163,13,0.9261363636363636
PA606202,Dumas,Françoise,SER,SER,7,7,0,1
PA606202,Dumas,Françoise,SRC,SRC,184,181,3,0.9836956521739131
PA606212,Collard,Gilbert,NI,NI,163,151,12,0.9263803680981595
PA606225,Prat,Patrice,SER,SER,4,4,0,1
PA606225,Prat,Patrice,SRC,SRC,106,97,9,0.9150943396226415
PA606230,Verdier,Fabrice,SER,SER,14,14,0,1
PA606230,Verdier,Fabrice,SRC,SRC,121,120,1,0.9917355371900827
PA606258,Cavard,Christophe,ECOLO,Écolo,143,134,9,0.9370629370629371
PA606258,Cavard,Christophe,SER,SER,25,24,1,0.96
PA606299,Moudenc,Jean-Luc,UMP,UMP,60,50,10,0.8333333333333334
PA606351,Delga,Carole,SER,SER,11,11,0,1
PA606351,Delga,Carole,SRC,SRC,93,92,1,0.989247311827957
PA606363,Borgel,Christophe,SER,SER,34,34,0,1
PA606363,Borgel,Christophe,SRC,SRC,222,221,1,0.9954954954954955
PA606375,Poumirol,Émilienne,NI,NI,2,2,0,1
PA606375,Poumirol,Émilienne,SRC,SRC,127,127,0,1
PA606412,Doucet,Sandrine,SER,SER,34,34,0,1
PA606412,Doucet,Sandrine,SRC,SRC,175,151,24,0.8628571428571429
PA606478,Foulon,Yves,LES-REP,Les Républicains,42,42,0,1
PA606478,Foulon,Yves,UMP,UMP,93,93,0,1
PA606495,Savary,Gilles,SER,SER,24,24,0,1
PA606495,Savary,Gilles,SRC,SRC,163,161,2,0.9877300613496932
PA606507,Boudié,Florent,SER,SER,29,29,0,1
PA606507,Boudié,Florent,SRC,SRC,173,169,4,0.976878612716763
PA606545,Roumégas,Jean-Louis,ECOLO,Écolo,157,155,2,0.9872611464968153
PA606545,Roumégas,Jean-Louis,NI,NI,17,17,0,1
PA606555,Le Dain,Anne-Yvonne,SER,SER,34,30,4,0.8823529411764706
PA606555,Le Dain,Anne-Yvonne,SRC,SRC,224,216,8,0.9642857142857143
PA606573,Dombre Coste,Fanny,SER,SER,27,27,0,1
PA606573,Dombre Coste,Fanny,SRC,SRC,151,147,4,0.9735099337748344
PA606586,Roig,Frédéric,SER,SER,29,27,2,0.9310344827586207
PA606586,Roig,Frédéric,SRC,SRC,170,160,10,0.9411764705882353
PA606606,Roqué,Dolores,SRC,SRC,6,6,0,1
PA606623,Denaja,Sébastien,SER,SER,26,26,0,1
PA606623,Denaja,Sébastien,SRC,SRC,221,218,3,0.9864253393665159
PA606631,Assaf,Christian,SER,SER,25,25,0,1
PA606631,Assaf,Christian,SRC,SRC,172,153,19,0.8895348837209303
PA606639,Vignal,Patrick,SER,SER,24,24,0,1
PA606639,Vignal,Patrick,SRC,SRC,125,123,2,0.984
PA606665,Chapdelaine,Marie-Anne,SER,SER,34,33,1,0.9705882352941176
PA606665,Chapdelaine,Marie-Anne,SRC,SRC,283,273,10,0.9646643109540636
PA606675,André,François,SER,SER,18,16,2,0.8888888888888888
PA606675,André,François,SRC,SRC,197,195,2,0.9898477157360406
PA606693,Le Callennec,Isabelle,LES-REP,Les Républicains,84,84,0,1
PA606693,Le Callennec,Isabelle,R-UMP,Rassemblement-UMP,1,1,0,1
PA606693,Le Callennec,Isabelle,UMP,UMP,147,145,2,0.9863945578231292
PA606712,Lurton,Gilles,LES-REP,Les Républicains,137,133,4,0.9708029197080292
PA606712,Lurton,Gilles,R-UMP,Rassemblement-UMP,1,1,0,1
PA606712,Lurton,Gilles,UMP,UMP,220,215,5,0.9772727272727273
PA606745,Bruneau,Isabelle,SER,SER,21,21,0,1
PA606745,Bruneau,Isabelle,SRC,SRC,144,132,12,0.9166666666666666
PA606793,Baumel,Laurent,SER,SER,17,17,0,1
PA606793,Baumel,Laurent,SRC,SRC,149,119,30,0.7986577181208053
PA606888,Barbier,Jean-Pierre,LES-REP,Les Républicains,52,52,0,1
PA606888,Barbier,Jean-Pierre,UMP,UMP,127,127,0,1
PA606899,Binet,Erwann,SER,SER,27,27,0,1
PA606899,Binet,Erwann,SRC,SRC,201,199,2,0.9900497512437811
PA606910,Bonneton,Michèle,ECOLO,Écolo,138,138,0,1
PA606910,Bonneton,Michèle,NI,NI,20,18,2,0.9
PA606924,Huillier,Joëlle,SER,SER,37,36,1,0.972972972972973
PA606924,Huillier,Joëlle,SRC,SRC,230,226,4,0.9826086956521739
PA606991,Robiliard,Denys,SER,SER,35,30,5,0.8571428571428571
PA606991,Robiliard,Denys,SRC,SRC,245,205,40,0.8367346938775511
PA607090,Vigier,Jean-Pierre,LES-REP,Les Républicains,46,46,0,1
PA607090,Vigier,Jean-Pierre,R-UMP,Rassemblement-UMP,1,1,0,1
PA607090,Vigier,Jean-Pierre,UMP,UMP,97,95,2,0.979381443298969
PA607155,Daniel,Yves,SER,SER,17,17,0,1
PA607155,Daniel,Yves,SRC,SRC,167,165,2,0.9880239520958084
PA607187,Rabin,Monique,SER,SER,18,17,1,0.9444444444444444
PA607187,Rabin,Monique,SRC,SRC,163,154,9,0.9447852760736196
PA607193,Errante,Sophie,SER,SER,34,34,0,1
PA607193,Errante,Sophie,SRC,SRC,184,182,2,0.9891304347826086
PA607256,Corre,Valérie,SER,SER,38,38,0,1
PA607256,Corre,Valérie,SRC,SRC,221,210,11,0.9502262443438914
PA607283,Lousteau,Lucette,SER,SER,31,31,0,1
PA607283,Lousteau,Lucette,SRC,SRC,173,169,4,0.976878612716763
PA607287,Fekl,Matthias,SRC,SRC,92,88,4,0.9565217391304348
PA607310,Belot,Luc,SER,SER,22,22,0,1
PA607310,Belot,Luc,SRC,SRC,185,183,2,0.9891891891891892
PA607369,Bardy,Serge,SER,SER,22,21,1,0.9545454545454546
PA607369,Bardy,Serge,SRC,SRC,168,153,15,0.9107142857142857
PA607395,Travert,Stéphane,SER,SER,28,27,1,0.9642857142857143
PA607395,Travert,Stéphane,SRC,SRC,197,185,12,0.9390862944162437
PA607489,Chevrollier,Guillaume,LES-REP,Les Républicains,97,97,0,1
PA607489,Chevrollier,Guillaume,R-UMP,Rassemblement-UMP,1,1,0,1
PA607489,Chevrollier,Guillaume,UMP,UMP,175,174,1,0.9942857142857143
PA607509,Khirouni,Chaynesse,SER,SER,35,28,7,0.8
PA607509,Khirouni,Chaynesse,SRC,SRC,195,170,25,0.8717948717948718
PA607553,Potier,Dominique,SER,SER,19,18,1,0.9473684210526315
PA607553,Potier,Dominique,SRC,SRC,167,162,5,0.9700598802395209
PA607595,Pellois,Hervé,SER,SER,31,30,1,0.967741935483871
PA607595,Pellois,Hervé,SRC,SRC,190,183,7,0.9631578947368421
PA607603,Le Ray,Philippe,LES-REP,Les Républicains,56,55,1,0.9821428571428571
PA607603,Le Ray,Philippe,UMP,UMP,121,116,5,0.9586776859504132
PA607606,Le Roch,Jean-Pierre,SER,SER,26,26,0,1
PA607606,Le Roch,Jean-Pierre,SRC,SRC,187,177,10,0.946524064171123
PA607619,Molac,Paul,ECOLO,Écolo,191,185,6,0.9685863874345549
PA607619,Molac,Paul,SER,SER,36,35,1,0.9722222222222222
PA607619,Molac,Paul,SRC,SRC,2,2,0,1
PA607632,Noguès,Philippe,NI,NI,62,56,6,0.9032258064516129
PA607632,Noguès,Philippe,SRC,SRC,125,98,27,0.784
PA607691,Kalinowski,Laurent,SER,SER,36,34,2,0.9444444444444444
PA607691,Kalinowski,Laurent,SRC,SRC,156,144,12,0.9230769230769231
PA607699,Zanetti,Paola,SER,SER,30,30,0,1
PA607699,Zanetti,Paola,SRC,SRC,182,161,21,0.8846153846153846
PA607761,Linkenheld,Audrey,SER,SER,33,33,0,1
PA607761,Linkenheld,Audrey,SRC,SRC,175,164,11,0.9371428571428572
PA607769,Pauvros,Rémi,SER,SER,32,32,0,1
PA607769,Pauvros,Rémi,SRC,SRC,153,153,0,1
PA607846,Darmanin,Gérald,LES-REP,Les Républicains,14,14,0,1
PA607846,Darmanin,Gérald,UMP,UMP,106,100,6,0.9433962264150944
PA607892,Allossery,Jean-Pierre,SER,SER,40,38,2,0.95
PA607892,Allossery,Jean-Pierre,SRC,SRC,203,199,4,0.9802955665024631
PA607919,Dufour-Tonini,Anne-Lise,SER,SER,9,9,0,1
PA607919,Dufour-Tonini,Anne-Lise,SRC,SRC,129,120,9,0.9302325581395349
PA608011,Pueyo,Joaquim,SER,SER,29,29,0,1
PA608011,Pueyo,Joaquim,SRC,SRC,186,185,1,0.9946236559139785
PA608016,Louwagie,Véronique,LES-REP,Les Républicains,88,86,2,0.9772727272727273
PA608016,Louwagie,Véronique,R-UMP,Rassemblement-UMP,1,1,0,1
PA608016,Louwagie,Véronique,UMP,UMP,159,159,0,1
PA608038,Goasdoué,Yves,SER,SER,27,27,0,1
PA608038,Goasdoué,Yves,SRC,SRC,158,157,1,0.9936708860759493
PA608083,Bourguignon,Brigitte,SER,SER,35,34,1,0.9714285714285714
PA608083,Bourguignon,Brigitte,SRC,SRC,231,229,2,0.9913419913419913
PA608098,Capet,Yann,SER,SER,14,14,0,1
PA608098,Capet,Yann,SRC,SRC,140,140,0,1
PA608120,Saint-André,Stéphane,RRDP,RRDP,137,134,3,0.9781021897810219
PA608158,Bays,Nicolas,SER,SER,23,22,1,0.9565217391304348
PA608158,Bays,Nicolas,SRC,SRC,136,136,0,1
PA608172,Pirès Beaune,Christine,SER,SER,33,30,3,0.9090909090909091
PA608172,Pirès Beaune,Christine,SRC,SRC,230,220,10,0.9565217391304348
PA608186,Auroi,Danielle,ECOLO,Écolo,162,161,1,0.9938271604938271
PA608186,Auroi,Danielle,NI,NI,23,23,0,1
PA608235,Chabanne,Nathalie,SER,SER,18,18,0,1
PA608235,Chabanne,Nathalie,SRC,SRC,152,122,30,0.8026315789473685
PA608264,Capdevielle,Colette,SER,SER,43,39,4,0.9069767441860465
PA608264,Capdevielle,Colette,SRC,SRC,225,209,16,0.9288888888888889
PA608276,Alaux,Sylviane,SER,SER,25,24,1,0.96
PA608276,Alaux,Sylviane,SRC,SRC,132,123,9,0.9318181818181818
PA608292,Dubié,Jeanine,RRDP,RRDP,193,192,1,0.9948186528497409
PA608310,Cresta,Jacques,SER,SER,11,11,0,1
PA608310,Cresta,Jacques,SRC,SRC,159,159,0,1
PA608328,Neuville,Ségolène,SRC,SRC,64,64,0,1
PA608348,Aylagas,Pierre,SER,SER,14,14,0,1
PA608348,Aylagas,Pierre,SRC,SRC,161,160,1,0.9937888198757764
PA608363,Bies,Philippe,SER,SER,30,30,0,1
PA608363,Bies,Philippe,SRC,SRC,188,184,4,0.9787234042553191
PA608380,Rohfritsch,Sophie,LES-REP,Les Républicains,49,47,2,0.9591836734693877
PA608380,Rohfritsch,Sophie,R-UMP,Rassemblement-UMP,1,1,0,1
PA608380,Rohfritsch,Sophie,UMP,UMP,127,126,1,0.9921259842519685
PA608416,Hetzel,Patrick,LES-REP,Les Républicains,60,59,1,0.9833333333333333
PA608416,Hetzel,Patrick,R-UMP,Rassemblement-UMP,1,1,0,1
PA608416,Hetzel,Patrick,UMP,UMP,161,150,11,0.9316770186335404
PA608434,Sturni,Claude,LES-REP,Les Républicains,42,41,1,0.9761904761904762
PA608434,Sturni,Claude,R-UMP,Rassemblement-UMP,1,1,0,1
PA608434,Sturni,Claude,UMP,UMP,148,147,1,0.9932432432432432
PA608495,Braillard,Thierry,RRDP,RRDP,69,68,1,0.9855072463768116
PA608574,Geoffroy,Hélène,SRC,SRC,161,153,8,0.9503105590062112
PA608641,Blein,Yves,SER,SER,40,40,0,1
PA608641,Blein,Yves,SRC,SRC,190,190,0,1
PA608662,Chrétien,Alain,LES-REP,Les Républicains,68,68,0,1
PA608662,Chrétien,Alain,UMP,UMP,113,111,2,0.9823008849557522
PA608672,Thévenoud,Thomas,NI,NI,42,26,16,0.6190476190476191
PA608672,Thévenoud,Thomas,SRC,SRC,93,93,0,1
PA608684,Gueugneau,Edith,SER,SER,21,21,0,1
PA608684,Gueugneau,Edith,SRC,SRC,139,124,15,0.8920863309352518
PA608686,Baumel,Philippe,SER,SER,23,23,0,1
PA608686,Baumel,Philippe,SRC,SRC,152,130,22,0.8552631578947368
PA608695,Untermaier,Cécile,SER,SER,28,28,0,1
PA608695,Untermaier,Cécile,SRC,SRC,194,189,5,0.9742268041237113
PA608718,Dubois,Françoise,SER,SER,34,32,2,0.9411764705882353
PA608718,Dubois,Françoise,SRC,SRC,231,225,6,0.974025974025974
PA608741,Tolmont,Sylvie,SER,SER,19,19,0,1
PA608741,Tolmont,Sylvie,SRC,SRC,178,175,3,0.9831460674157303
PA608778,Santais,Béatrice,SER,SER,25,24,1,0.96
PA608778,Santais,Béatrice,SRC,SRC,162,161,1,0.9938271604938271
PA608785,Laclais,Bernadette,SER,SER,35,34,1,0.9714285714285714
PA608785,Laclais,Bernadette,SRC,SRC,270,263,7,0.9740740740740741
PA608826,Duby-Muller,Virginie,LES-REP,Les Républicains,60,58,2,0.9666666666666667
PA608826,Duby-Muller,Virginie,UMP,UMP,108,106,2,0.9814814814814815
PA608851,Dion,Sophie,LES-REP,Les Républicains,50,50,0,1
PA608851,Dion,Sophie,UMP,UMP,95,93,2,0.9789473684210527
PA608920,Dagoma,Seybah,SER,SER,17,17,0,1
PA608920,Dagoma,Seybah,SRC,SRC,151,149,2,0.9867549668874173
PA609016,Baupin,Denis,ECOLO,Écolo,196,188,8,0.9591836734693877
PA609042,Cherki,Pascal,SER,SER,16,14,2,0.875
PA609042,Cherki,Pascal,SRC,SRC,155,105,50,0.6774193548387096
PA609205,Troallic,Catherine,SER,SER,24,24,0,1
PA609205,Troallic,Catherine,SRC,SRC,142,142,0,1
PA609218,Grelier,Estelle,SRC,SRC,181,181,0,1
PA609222,Chauvel,Dominique,NI,NI,1,1,0,1
PA609222,Chauvel,Dominique,SRC,SRC,93,92,1,0.989247311827957
PA609245,Lacroute,Valérie,LES-REP,Les Républicains,66,65,1,0.9848484848484849
PA609245,Lacroute,Valérie,UMP,UMP,111,111,0,1
PA609292,Rihan Cypel,Eduardo,SER,SER,26,26,0,1
PA609292,Rihan Cypel,Eduardo,SRC,SRC,157,156,1,0.9936305732484076
PA609314,Bréhier,Emeric,SER,SER,32,32,0,1
PA609314,Bréhier,Emeric,SRC,SRC,202,201,1,0.995049504950495
PA609332,Faure,Olivier,SER,SER,19,17,2,0.8947368421052632
PA609332,Faure,Olivier,SRC,SRC,164,161,3,0.9817073170731707
PA609345,de Mazières,François,LES-REP,Les Républicains,35,35,0,1
PA609345,de Mazières,François,UMP,UMP,101,99,2,0.9801980198019802
PA609365,Guaino,Henri,LES-REP,Les Républicains,44,40,4,0.9090909090909091
PA609365,Guaino,Henri,UMP,UMP,110,102,8,0.9272727272727272
PA609435,Descamps-Crosnier,Françoise,SER,SER,34,31,3,0.9117647058823529
PA609435,Descamps-Crosnier,Françoise,SRC,SRC,274,267,7,0.9744525547445255
PA609442,Tétart,Jean-Marie,LES-REP,Les Républicains,42,37,5,0.8809523809523809
PA609442,Tétart,Jean-Marie,UMP,UMP,111,111,0,1
PA609465,Mallé,Jean-Philippe,SRC,SRC,84,83,1,0.9880952380952381
PA609513,Boistard,Pascale,SRC,SRC,130,128,2,0.9846153846153847
PA609520,Pompili,Barbara,ECOLO,Écolo,156,147,9,0.9423076923076923
PA609535,Buisine,Jean-Claude,SER,SER,30,27,3,0.9
PA609535,Buisine,Jean-Claude,SRC,SRC,242,224,18,0.9256198347107438
PA609578,Gourjade,Linda,SER,SER,21,20,1,0.9523809523809523
PA609578,Gourjade,Linda,SRC,SRC,126,113,13,0.8968253968253969
PA609590,Rabault,Valérie,SER,SER,28,26,2,0.9285714285714286
PA609590,Rabault,Valérie,SRC,SRC,164,159,5,0.9695121951219512
PA609691,Fournier-Armand,Michèle,SER,SER,20,19,1,0.95
PA609691,Fournier-Armand,Michèle,SRC,SRC,123,123,0,1
PA609709,Maréchal-Le Pen,Marion,NI,NI,206,191,15,0.9271844660194175
PA609726,Aubert,Julien,LES-REP,Les Républicains,62,60,2,0.967741935483871
PA609726,Aubert,Julien,UMP,UMP,139,134,5,0.9640287769784173
PA609740,Leboeuf,Alain,LES-REP,Les Républicains,71,67,4,0.9436619718309859
PA609740,Leboeuf,Alain,R-UMP,Rassemblement-UMP,1,1,0,1
PA609740,Leboeuf,Alain,UMP,UMP,127,126,1,0.9921259842519685
PA609743,Bulteau,Sylviane,SER,SER,22,22,0,1
PA609743,Bulteau,Sylviane,SRC,SRC,198,196,2,0.98989898989899
PA609764,Moreau,Yannick,LES-REP,Les Républicains,43,41,2,0.9534883720930233
PA609764,Moreau,Yannick,NI,NI,56,56,0,1
PA609764,Moreau,Yannick,UMP,UMP,99,93,6,0.9393939393939394
PA609775,Fourage,Hugues,SER,SER,24,23,1,0.9583333333333334
PA609775,Fourage,Hugues,SRC,SRC,186,183,3,0.9838709677419355
PA609816,Massonneau,Véronique,ECOLO,Écolo,204,196,8,0.9607843137254902
PA609816,Massonneau,Véronique,SER,SER,40,39,1,0.975
PA609816,Massonneau,Véronique,SRC,SRC,2,2,0,1
PA609845,Beaubatie,Catherine,SER,SER,19,17,2,0.8947368421052632
PA609845,Beaubatie,Catherine,SRC,SRC,172,170,2,0.9883720930232558
PA609963,Pouzol,Michel,SER,SER,29,29,0,1
PA609963,Pouzol,Michel,SRC,SRC,161,137,24,0.8509316770186336
PA609983,Olivier,Maud,SER,SER,23,23,0,1
PA609983,Olivier,Maud,SRC,SRC,137,129,8,0.9416058394160584
PA610002,Sas,Eva,ECOLO,Écolo,157,155,2,0.9872611464968153
PA610002,Sas,Eva,NI,NI,16,16,0,1
PA610045,Boutih,Malek,SER,SER,18,18,0,1
PA610045,Boutih,Malek,SRC,SRC,104,104,0,1
PA610066,Bachelay,Alexis,SER,SER,33,28,5,0.8484848484848485
PA610066,Bachelay,Alexis,SRC,SRC,162,148,14,0.9135802469135802
PA610075,Pietrasanta,Sébastien,SER,SER,29,29,0,1
PA610075,Pietrasanta,Sébastien,SRC,SRC,147,143,4,0.9727891156462585
PA610125,Fromantin,Jean-Christophe,NI,NI,26,18,8,0.6923076923076923
PA610125,Fromantin,Jean-Christophe,UDI,UDI,133,128,5,0.9624060150375939
PA610195,Sommaruga,Julie,SER,SER,32,32,0,1
PA610195,Sommaruga,Julie,SRC,SRC,135,128,7,0.9481481481481482
PA610203,Germain,Jean-Marc,SER,SER,23,23,0,1
PA610203,Germain,Jean-Marc,SRC,SRC,164,122,42,0.7439024390243902
PA610245,Hanotin,Mathieu,SER,SER,16,12,4,0.75
PA610245,Hanotin,Mathieu,SRC,SRC,145,118,27,0.8137931034482758
PA610291,Hammadi,Razzy,SER,SER,30,29,1,0.9666666666666667
PA610291,Hammadi,Razzy,SRC,SRC,166,162,4,0.9759036144578314
PA610313,Pochon,Elisabeth,SER,SER,33,32,1,0.9696969696969697
PA610313,Pochon,Elisabeth,SRC,SRC,182,178,4,0.978021978021978
PA610354,Popelin,Pascal,SER,SER,27,27,0,1
PA610354,Popelin,Pascal,SRC,SRC,224,222,2,0.9910714285714286
PA610427,Abeille,Laurence,ECOLO,Écolo,166,164,2,0.9879518072289156
PA610427,Abeille,Laurence,NI,NI,23,23,0,1
PA610481,Laurent,Jean-Luc,SER,SER,41,33,8,0.8048780487804879
PA610481,Laurent,Jean-Luc,SRC,SRC,255,187,68,0.7333333333333333
PA610521,Carpentier,Jean-Noël,RRDP,RRDP,122,116,6,0.9508196721311475
PA610529,Sebaoun,Gérard,SER,SER,43,36,7,0.8372093023255814
PA610529,Sebaoun,Gérard,SRC,SRC,245,181,64,0.7387755102040816
PA610539,Doucet,Philippe,SER,SER,14,14,0,1
PA610539,Doucet,Philippe,SRC,SRC,138,138,0,1
PA610594,Lefebvre,Dominique,SER,SER,38,36,2,0.9473684210526315
PA610594,Lefebvre,Dominique,SRC,SRC,269,265,4,0.9851301115241635
PA610615,Chalus,Ary,NI,NI,1,0,1,0
PA610615,Chalus,Ary,RRDP,RRDP,126,122,4,0.9682539682539683
PA610634,Azerot,Bruno Nestor,GDR,GDR,90,47,43,0.5222222222222223
PA610654,Nilor,Jean-Philippe,GDR,GDR,89,79,10,0.8876404494382022
PA610667,Serville,Gabriel,GDR,GDR,91,58,33,0.6373626373626373
PA610681,Bareigts,Ericka,SRC,SRC,129,128,1,0.9922480620155039
PA610701,Vlody,Jean Jacques,SER,SER,12,12,0,1
PA610701,Vlody,Jean Jacques,SRC,SRC,140,138,2,0.9857142857142858
PA610729,Orphé,Monique,SER,SER,15,15,0,1
PA610729,Orphé,Monique,SRC,SRC,155,149,6,0.9612903225806452
PA610733,Robert,Thierry,RRDP,RRDP,93,67,26,0.7204301075268817
PA610752,Said,Boinali,SER,SER,14,14,0,1
PA610752,Said,Boinali,SRC,SRC,140,138,2,0.9857142857142858
PA610758,Aboubacar,Ibrahim,SER,SER,20,20,0,1
PA610758,Aboubacar,Ibrahim,SRC,SRC,180,174,6,0.9666666666666667
PA610770,Lagarde,Sonia,UDI,UDI,105,102,3,0.9714285714285714
PA610775,Gomès,Philippe,UDI,UDI,123,112,11,0.9105691056910569
PA610804,Tahuaitu,Jonas,LES-REP,Les Républicains,5,4,1,0.8
PA610804,Tahuaitu,Jonas,UDI,UDI,84,78,6,0.9285714285714286
PA610820,Tuaiva,Jean-Paul,UDI,UDI,72,71,1,0.9861111111111112
PA610824,Vergé,David,SRC,SRC,10,10,0,1
PA610830,Gibbes,Daniel,LES-REP,Les Républicains,50,50,0,1
PA610830,Gibbes,Daniel,UMP,UMP,125,122,3,0.976
PA610850,Narassiguin,Corinne,SRC,SRC,13,13,0,1
PA610860,Coronado,Sergio,ECOLO,Écolo,146,143,3,0.9794520547945206
PA610860,Coronado,Sergio,NI,NI,11,11,0,1
PA610873,Lemaire,Axelle,SRC,SRC,71,71,0,1
PA610891,Cordery,Philip,SER,SER,17,16,1,0.9411764705882353
PA610891,Cordery,Philip,SRC,SRC,154,148,6,0.961038961038961
PA610905,Leroy,Arnaud,SER,SER,23,23,0,1
PA610905,Leroy,Arnaud,SRC,SRC,150,144,6,0.96
PA610924,Schmid,Claudine,LES-REP,Les Républicains,74,73,1,0.9864864864864865
PA610924,Schmid,Claudine,UMP,UMP,126,126,0,1
PA610936,Le Borgn',Pierre-Yves,SER,SER,17,16,1,0.9411764705882353
PA610936,Le Borgn',Pierre-Yves,SRC,SRC,161,148,13,0.9192546583850931
PA610954,Poznanski-Benhamou,Daphna,SRC,SRC,15,15,0,1
PA610968,Amirshahi,Pouria,NI,NI,12,11,1,0.9166666666666666
PA610968,Amirshahi,Pouria,SRC,SRC,150,101,49,0.6733333333333333
PA642682,Assouly,Avi,SRC,SRC,71,71,0,1
PA642684,Maggi,Jean-Pierre,RRDP,RRDP,53,47,6,0.8867924528301887
PA642684,Maggi,Jean-Pierre,SRC,SRC,111,108,3,0.972972972972973
PA642699,Ballay,Alain,SER,SER,18,18,0,1
PA642699,Ballay,Alain,SRC,SRC,9,9,0,1
PA642705,Bailliart,Guy,SER,SER,18,18,0,1
PA642705,Bailliart,Guy,SRC,SRC,47,46,1,0.9787234042553191
PA642724,Barbier,Frédéric,SER,SER,20,20,0,1
PA642724,Barbier,Frédéric,SRC,SRC,121,118,3,0.9752066115702479
PA642736,Le Roy,Marie-Thérèse,SER,SER,40,38,2,0.95
PA642736,Le Roy,Marie-Thérèse,SRC,SRC,10,10,0,1
PA642739,Bui,Gwenegan,SRC,SRC,159,145,14,0.9119496855345912
PA642743,Feltesse,Vincent,SRC,SRC,73,73,0,1
PA642759,Arribagé,Laurence,LES-REP,Les Républicains,52,50,2,0.9615384615384616
PA642759,Arribagé,Laurence,UMP,UMP,42,42,0,1
PA642764,Aviragnet,Joël,SRC,SRC,64,64,0,1
PA642788,Véran,Olivier,SRC,SRC,145,144,1,0.993103448275862
PA642790,Ribeaud,Pierre,SER,SER,25,25,0,1
PA642790,Ribeaud,Pierre,SRC,SRC,26,26,0,1
PA642805,Povéda,Régine,SER,SER,28,26,2,0.9285714285714286
PA642805,Povéda,Régine,SRC,SRC,76,74,2,0.9736842105263158
PA642836,Gosselin-Fleury,Geneviève,SER,SER,15,15,0,1
PA642836,Gosselin-Fleury,Geneviève,SRC,SRC,197,195,2,0.9898477157360406
PA642844,Pichot,Sylvie,SRC,SRC,71,71,0,1
PA642876,Weiten,Patrick,UDI,UDI,21,21,0,1
PA642885,Olive,Robert,SER,SER,17,17,0,1
PA642885,Olive,Robert,SRC,SRC,97,92,5,0.9484536082474226
PA642910,Hobert,Gilda,RRDP,RRDP,86,84,2,0.9767441860465116
PA642940,Carrey-Conte,Fanélie,SER,SER,23,15,8,0.6521739130434783
PA642940,Carrey-Conte,Fanélie,SRC,SRC,232,155,77,0.6681034482758621
PA642962,Le Vern,Marie,SER,SER,13,13,0,1
PA642962,Le Vern,Marie,SRC,SRC,28,26,2,0.9285714285714286
PA642965,Dellerie,Jacques,SER,SER,29,29,0,1
PA642965,Dellerie,Jacques,SRC,SRC,5,5,0,1
PA642984,Léautey,Pierre,SRC,SRC,80,79,1,0.9875
PA642987,Bachelay,Guillaume,SER,SER,22,22,0,1
PA642987,Bachelay,Guillaume,SRC,SRC,182,180,2,0.989010989010989
PA643002,Demarthe,Pascal,SER,SER,48,44,4,0.9166666666666666
PA643002,Demarthe,Pascal,SRC,SRC,123,116,7,0.943089430894309
PA643020,Colas,Romain,SER,SER,21,21,0,1
PA643020,Colas,Romain,SRC,SRC,111,107,4,0.963963963963964
PA643069,Premat,Christophe,SER,SER,24,23,1,0.9583333333333334
PA643069,Premat,Christophe,SRC,SRC,78,72,6,0.9230769230769231
PA643145,Vainqueur-Christophe,Hélène,SRC,SRC,68,68,0,1
PA643157,Naillet,Philippe,SER,SER,14,14,0,1
PA643157,Naillet,Philippe,SRC,SRC,2,2,0,1
PA643165,Gauquelin,Renaud,SER,SER,33,31,2,0.9393939393939394
PA643165,Gauquelin,Renaud,SRC,SRC,4,4,0,1
PA643177,Comet,David,SER,SER,27,27,0,1
PA643177,Comet,David,SRC,SRC,34,34,0,1
PA643183,Pernod Beaudon,Stéphanie,LES-REP,Les Républicains,24,24,0,1
PA643196,Joron,Romain,SER,SER,14,14,0,1
PA643196,Joron,Romain,SRC,SRC,7,7,0,1
PA643205,Lang,Anne-Christine,SER,SER,42,42,0,1
PA643205,Lang,Anne-Christine,SRC,SRC,112,109,3,0.9732142857142857
PA643211,Montaugé,Franck,SRC,SRC,29,29,0,1
PA667,Briand,Philippe,LES-REP,Les Républicains,32,32,0,1
PA667,Briand,Philippe,UMP,UMP,97,97,0,1
PA672,Bridey,Jean-Jacques,SER,SER,29,28,1,0.9655172413793104
PA672,Bridey,Jean-Jacques,SRC,SRC,207,206,1,0.9951690821256038
PA680,Brottes,François,SRC,SRC,185,181,4,0.9783783783783784
PA687214,Berrios,Sylvain,LES-REP,Les Républicains,44,41,3,0.9318181818181818
PA687214,Berrios,Sylvain,UMP,UMP,87,85,2,0.9770114942528736
PA689,Buffet,Marie-George,GDR,GDR,155,155,0,1
PA693008,Polutele,Napole,NI,NI,5,2,3,0.4
PA693008,Polutele,Napole,SER,SER,12,12,0,1
PA693008,Polutele,Napole,SRC,SRC,122,121,1,0.9918032786885246
PA695,Burroni,Vincent,SER,SER,28,28,0,1
PA695,Burroni,Vincent,SRC,SRC,163,153,10,0.9386503067484663
PA695100,Habib,Meyer,UDI,UDI,94,91,3,0.9680851063829787
PA695511,Costes,Jean-Louis,LES-REP,Les Républicains,67,65,2,0.9701492537313433
PA695511,Costes,Jean-Louis,UMP,UMP,74,73,1,0.9864864864864865
PA696,Bussereau,Dominique,LES-REP,Les Républicains,31,30,1,0.967741935483871
PA696,Bussereau,Dominique,R-UMP,Rassemblement-UMP,1,1,0,1
PA696,Bussereau,Dominique,UMP,UMP,91,87,4,0.9560439560439561
PA702052,Sage,Maina,UDI,UDI,61,60,1,0.9836065573770492
PA702053,Degallaix,Laurent,UDI,UDI,53,53,0,1
PA702054,Claireaux,Stéphane,RRDP,RRDP,102,100,2,0.9803921568627451
PA709315,Viala,Arnaud,LES-REP,Les Républicains,76,76,0,1
PA712014,Ledoux,Vincent,LES-REP,Les Républicains,31,31,0,1
PA712015,Dive,Julien,LES-REP,Les Républicains,48,48,0,1
PA712016,Thévenot,Pascal,LES-REP,Les Républicains,37,37,0,1
PA712422,Daniel,Karine,SER,SER,26,26,0,1
PA712422,Daniel,Karine,SRC,SRC,5,5,0,1
PA713448,Brenier,Marine,LES-REP,Les Républicains,28,28,0,1
PA719,Cambadélis,Jean-Christophe,SER,SER,15,15,0,1
PA719,Cambadélis,Jean-Christophe,SRC,SRC,121,121,0,1
PA735,Caresche,Christophe,SER,SER,33,28,5,0.8484848484848485
PA735,Caresche,Christophe,SRC,SRC,217,213,4,0.9815668202764977
PA746,Carrez,Gilles,LES-REP,Les Républicains,49,49,0,1
PA746,Carrez,Gilles,UMP,UMP,101,100,1,0.9900990099009901
PA754,Carvalho,Patrice,GDR,GDR,155,142,13,0.9161290322580645
PA765,Cathala,Laurent,SER,SER,22,21,1,0.9545454545454546
PA765,Cathala,Laurent,SRC,SRC,131,124,7,0.9465648854961832
PA770,Caullet,Jean-Yves,SER,SER,35,33,2,0.9428571428571428
PA770,Caullet,Jean-Yves,SRC,SRC,235,234,1,0.9957446808510638
PA810,Chanteguet,Jean-Paul,SER,SER,20,20,0,1
PA810,Chanteguet,Jean-Paul,SRC,SRC,182,175,7,0.9615384615384616
PA815,Charasse,Gérard,RRDP,RRDP,151,145,6,0.9602649006622517
PA840,Chauveau,Guy-Michel,SER,SER,30,29,1,0.9666666666666667
PA840,Chauveau,Guy-Michel,SRC,SRC,158,154,4,0.9746835443037974
PA856,Cherpion,Gérard,LES-REP,Les Républicains,61,59,2,0.9672131147540983
PA856,Cherpion,Gérard,UMP,UMP,134,134,0,1
PA872,Claeys,Alain,SER,SER,14,14,0,1
PA872,Claeys,Alain,SRC,SRC,135,132,3,0.9777777777777777
PA877,Clergeau,Marie-Françoise,SER,SER,26,26,0,1
PA877,Clergeau,Marie-Françoise,SRC,SRC,204,200,4,0.9803921568627451
PA917,Copé,Jean-François,LES-REP,Les Républicains,40,40,0,1
PA917,Copé,Jean-François,UMP,UMP,100,100,0,1
PA923,Cornut-Gentille,François,LES-REP,Les Républicains,39,38,1,0.9743589743589743
PA923,Cornut-Gentille,François,UMP,UMP,96,94,2,0.9791666666666666
PA942,de Courson,Charles,UDI,UDI,166,162,4,0.9759036144578314
PA951,Couve,Jean-Michel,LES-REP,Les Républicains,47,47,0,1
PA951,Couve,Jean-Michel,R-UMP,Rassemblement-UMP,1,1,0,1
PA951,Couve,Jean-Michel,UMP,UMP,103,103,0,1
PA998,Dassault,Olivier,LES-REP,Les Républicains,30,29,1,0.9666666666666667
PA998,Dassault,Olivier,UMP,UMP,94,93,1,0.9893617021276596
