matricule,dim1,dim2,nom,prenom,groupe_code,groupe_libelle_court,circonscription_libelle,siege,url,url_avatar,full_name,dim1_raw,dim2_raw
01058X,0.7132615176121768,-0.027344406497003645,Sido,Bruno,UMP,Les Républicains,Haute-Marne,32,https://www.senat.fr/senateur/sido_bruno01058x.html,https://www.senat.fr/senimg/sido_bruno01058x_carre.jpg,Bruno Sido,0.7132615176121768,-0.04848299024291427
04008A,0.773398067211289,-0.05076251159640816,Daubresse,Marc-Philippe,UMP,Les Républicains,Nord,10,https://www.senat.fr/senateur/daubresse_marc_philippe04008a.html,https://www.senat.fr/senimg/daubresse_marc_philippe04008a_carre.jpg,Marc-Philippe Daubresse,0.773398067211289,-0.09000445318512086
04033B,0.6687554161855126,0.007229274186547829,Retailleau,Bruno,UMP,Les Républicains,Vendée,29,https://www.senat.fr/senateur/retailleau_bruno04033b.html,https://www.senat.fr/senimg/retailleau_bruno04033b_carre.jpg,Bruno Retailleau,0.6687554161855126,0.012817862032886223
04042C,0.6804410965921812,-0.014071276940060119,Cambon,Christian,UMP,Les Républicains,Val-de-Marne,60,https://www.senat.fr/senateur/cambon_christian04042c.html,https://www.senat.fr/senimg/cambon_christian04042c_carre.jpg,Christian Cambon,0.6804410965921812,-0.02494907258875908
04045F,-0.3432200274041694,0.48899366326871674,Schillinger,Patricia,LREM,RDPI,Haut-Rhin,47,https://www.senat.fr/senateur/schillinger_patricia04045f.html,https://www.senat.fr/senimg/schillinger_patricia04045f_carre.jpg,Patricia Schillinger,-0.3432200274041694,0.8670100412565901
04047H,0.6434740789376772,-0.012402036794785007,Buffet,François-Noël,UMP,Les Républicains,Rhône,97,https://www.senat.fr/senateur/buffet_francois_noel04047h.html,https://www.senat.fr/senimg/buffet_francois_noel04047h_carre.jpg,François-Noël Buffet,0.6434740789376772,-0.02198942694110817
04070G,0.28701376800987866,0.0758031401695415,Morin-Desailly,Catherine,UC,UC,Seine-Maritime,54,https://www.senat.fr/senateur/morin_desailly_catherine04070g.html,https://www.senat.fr/senimg/morin_desailly_catherine04070g_carre.jpg,Catherine Morin-Desailly,0.28701376800987866,0.13440273079705942
04092N,0.46914649752792287,0.002477284255031058,Milon,Alain,UMP,Les Républicains,Vaucluse,58,https://www.senat.fr/senateur/milon_alain04092n.html,https://www.senat.fr/senimg/milon_alain04092n_carre.jpg,Alain Milon,0.46914649752792287,0.004392347969913224
05012A,0.7088046543615032,-0.049010331573387036,Pointereau,Rémy,UMP,Les Républicains,Cher,130,https://www.senat.fr/senateur/pointereau_remy05012a.html,https://www.senat.fr/senimg/pointereau_remy05012a_carre.jpg,Rémy Pointereau,0.7088046543615032,-0.0868977510166437
07004J,0.1816165423308334,0.08603022034113385,Goulet,Nathalie,UC,UC,Orne,162,https://www.senat.fr/senateur/goulet_nathalie07004j.html,https://www.senat.fr/senimg/goulet_nathalie07004j_carre.jpg,Nathalie Goulet,0.1816165423308334,0.15253585166867706
07029T,0.45802592547097437,0.007801649408672249,Laménie,Marc,RTLI,Les Indépendants,Ardennes,156,https://www.senat.fr/senateur/lamenie_marc07029t.html,https://www.senat.fr/senimg/lamenie_marc07029t_carre.jpg,Marc Laménie,0.45802592547097437,0.013832711717503988
07033P,0.6514236478008205,-0.007185469917713925,Dumas,Catherine,UMP,Les Républicains,Paris,220,https://www.senat.fr/senateur/dumas_catherine07033p.html,https://www.senat.fr/senimg/dumas_catherine07033p_carre.jpg,Catherine Dumas,0.6514236478008205,-0.012740194889563697
08009T,0.3111630208393623,0.06828683503353633,Maurey,Hervé,UC,UC,Eure,121,https://www.senat.fr/senateur/maurey_herve08009t.html,https://www.senat.fr/senimg/maurey_herve08009t_carre.jpg,Hervé Maurey,0.3111630208393623,0.12107594864102186
08010L,0.6390303382760615,-0.03181354288917275,Lefèvre,Antoine,UMP,Les Républicains,Aisne,30,https://www.senat.fr/senateur/lefevre_antoine08010l.html,https://www.senat.fr/senimg/lefevre_antoine08010l_carre.jpg,Antoine Lefèvre,0.6390303382760615,-0.056406990938249565
08011M,0.7228966272145282,-0.02982324634462035,de Montgolfier,Albéric,UMP,Les Républicains,Eure-et-Loir,35,https://www.senat.fr/senateur/de_montgolfier_alberic08011m.html,https://www.senat.fr/senimg/de_montgolfier_alberic08011m_carre.jpg,Albéric de Montgolfier,0.7228966272145282,-0.05287809635570985
08012N,-0.8050951976005918,0.07124293033571284,Lozach,Jean-Jacques,SOC,SER,Creuse,145,https://www.senat.fr/senateur/lozach_jean_jacques08012n.html,https://www.senat.fr/senimg/lozach_jean_jacques08012n_carre.jpg,Jean-Jacques Lozach,-0.8050951976005918,0.1263172523682852
08015R,0.7233405116651787,-0.06121362655607039,Laurent,Daniel,UMP,Les Républicains,Charente-Maritime,337,https://www.senat.fr/senateur/laurent_daniel08015r.html,https://www.senat.fr/senimg/laurent_daniel08015r_carre.jpg,Daniel Laurent,0.7233405116651787,-0.10853479885828085
08018U,0.6165029233706513,-0.025740479869748756,Frassa,Christophe-André,UMP,Les Républicains,Français établis hors de France (Série 2),341,https://www.senat.fr/senateur/frassa_christophe_andre08018u.html,https://www.senat.fr/senimg/frassa_christophe_andre08018u_carre.jpg,Christophe-André Frassa,0.6165029233706513,-0.0456391487052283
08028W,0.6659937080609671,-0.01831224358740268,Chatillon,Alain,UMP,Les Républicains,Haute-Garonne,94,https://www.senat.fr/senateur/chatillon_alain08028w.html,https://www.senat.fr/senimg/chatillon_alain08028w_carre.jpg,Alain Chatillon,0.6659937080609671,-0.032468516998940926
08034U,0.7785322263027067,-0.07700836516748594,de Legge,Dominique,UMP,Les Républicains,Ille-et-Vilaine,56,https://www.senat.fr/senateur/de_legge_dominique08034u.html,https://www.senat.fr/senimg/de_legge_dominique08034u_carre.jpg,Dominique de Legge,0.7785322263027067,-0.13653965455228004
08045X,-0.9423856117591084,0.07202613628130268,Fichet,Jean-Luc,SOC,SER,Finistère,242,https://www.senat.fr/senateur/fichet_jean_luc08045x.html,https://www.senat.fr/senimg/fichet_jean_luc08045x_carre.jpg,Jean-Luc Fichet,-0.9423856117591084,0.12770591539238066
08047A,0.6801399530720535,-0.015260857149708889,Paul,Philippe,UMP,Les Républicains,Finistère,224,https://www.senat.fr/senateur/paul_philippe08047a.html,https://www.senat.fr/senimg/paul_philippe08047a_carre.jpg,Philippe Paul,0.6801399530720535,-0.027058257357639875
08056B,0.3862413506710176,0.022824872258311302,Goy-Chavent,Sylvie,UMP,Les Républicains,Ain,330,https://www.senat.fr/senateur/goy_chavent_sylvie08056b.html,https://www.senat.fr/senimg/goy_chavent_sylvie08056b_carre.jpg,Sylvie Goy-Chavent,0.3862413506710176,0.040469631663672526
08060W,-0.8777726275701148,0.07447602817600833,Bonnefoy,Nicole,SOC,SER,Charente,41,https://www.senat.fr/senateur/bonnefoy_nicole08060w.html,https://www.senat.fr/senimg/bonnefoy_nicole08060w_carre.jpg,Nicole Bonnefoy,-0.8777726275701148,0.13204969534753253
08061X,-0.33163973967799903,0.4802897601959136,Patriat,François,LREM,RDPI,Côte-d'Or,1,https://www.senat.fr/senateur/patriat_francois08061x.html,https://www.senat.fr/senimg/patriat_francois08061x_carre.jpg,François Patriat,-0.33163973967799903,0.8515775889998468
08069G,0.5916884292073021,-0.044826054944358415,Houpert,Alain,UMP,Les Républicains,Côte-d'Or,61,https://www.senat.fr/senateur/houpert_alain08069g.html,https://www.senat.fr/senimg/houpert_alain08069g_carre.jpg,Alain Houpert,0.5916884292073021,-0.07947882082333053
08073C,-0.3333257994327727,0.44954246668967807,Patient,Georges,LREM,RDPI,Guyane,46,https://www.senat.fr/senateur/patient_georges08073c.html,https://www.senat.fr/senimg/patient_georges08073c_carre.jpg,Georges Patient,-0.3333257994327727,0.7970611111519116
11027H,-0.8793856614897745,0.044412814062158225,Conway-Mouret,Hélène,SOC,SER,Français établis hors de France (Série 1),151,https://www.senat.fr/senateur/conway_mouret_helene11027h.html,https://www.senat.fr/senimg/conway_mouret_helene11027h_carre.jpg,Hélène Conway-Mouret,-0.8793856614897745,0.07874612422368481
11043H,0.6888651268997777,-0.026162597332704412,Savin,Michel,UMP,Les Républicains,Isère,96,https://www.senat.fr/senateur/savin_michel11043h.html,https://www.senat.fr/senimg/savin_michel11043h_carre.jpg,Michel Savin,0.6888651268997777,-0.046387583923234776
11045K,-0.8911418467331865,0.05891888874981245,Rossignol,Laurence,SOC,SER,Val-de-Marne,76,https://www.senat.fr/senateur/rossignol_laurence11045k.html,https://www.senat.fr/senimg/rossignol_laurence11045k_carre.jpg,Laurence Rossignol,-0.8911418467331865,0.10446611480463201
11048N,0.5431745818199275,0.016468742528679792,Husson,Jean-François,UMP,Les Républicains,Meurthe-et-Moselle,59,https://www.senat.fr/senateur/husson_jean_francois11048n.html,https://www.senat.fr/senimg/husson_jean_francois11048n_carre.jpg,Jean-François Husson,0.5431745818199275,0.02919989810049609
11053K,0.238445232371623,0.09589453479713478,Capo-Canellas,Vincent,UC,UC,Seine-Saint-Denis,159,https://www.senat.fr/senateur/capo_canellas_vincent11053k.html,https://www.senat.fr/senimg/capo_canellas_vincent11053k_carre.jpg,Vincent Capo-Canellas,0.238445232371623,0.17002577091690566
11056N,-0.6419939925118548,-0.11550580428767569,Cukierman,Cécile,CRC,CRCE-K,Loire,103,https://www.senat.fr/senateur/cukierman_cecile11056n.html,https://www.senat.fr/senimg/cukierman_cecile11056n_carre.jpg,Cécile Cukierman,-0.6419939925118548,-0.20479752533275833
11065P,-0.5613216069244531,2.104002442237255e-4,Dantec,Ronan,GEST,GEST,Loire-Atlantique,302,https://www.senat.fr/senateur/dantec_ronan11065p.html,https://www.senat.fr/senimg/dantec_ronan11065p_carre.jpg,Ronan Dantec,-0.5613216069244531,3.7305007841086085e-4
11070L,0.26313614705456534,0.05399062780908115,Delahaye,Vincent,UC,UC,Essonne,209,https://www.senat.fr/senateur/delahaye_vincent11070l.html,https://www.senat.fr/senimg/delahaye_vincent11070l_carre.jpg,Vincent Delahaye,0.26313614705456534,0.09572806349127864
11072N,-0.3334714784477133,0.48461770203904425,Mohamed Soilihi,Thani,LREM,RDPI,Mayotte,2,https://www.senat.fr/senateur/mohamed_soilihi_thani11072n.html,https://www.senat.fr/senimg/mohamed_soilihi_thani11072n_carre.jpg,Thani Mohamed Soilihi,-0.3334714784477133,0.8592512447500785
11074Q,-0.8500068093732217,0.060985018510920315,Éblé,Vincent,SOC,SER,Seine-et-Marne,39,https://www.senat.fr/senateur/eble_vincent11074q.html,https://www.senat.fr/senimg/eble_vincent11074q_carre.jpg,Vincent Éblé,-0.8500068093732217,0.10812946544489418
11085T,0.3040946412988525,0.08662165943795071,Marseille,Hervé,UC,UC,Hauts-de-Seine,122,https://www.senat.fr/senateur/marseille_herve11085t.html,https://www.senat.fr/senimg/marseille_herve11085t_carre.jpg,Hervé Marseille,0.3040946412988525,0.153584502549558
11090Q,0.6507454836216638,-0.006553368103307268,Primas,Sophie,UMP,Les Républicains,Yvelines,131,https://www.senat.fr/senateur/primas_sophie11090q.html,https://www.senat.fr/senimg/primas_sophie11090q_carre.jpg,Sophie Primas,0.6507454836216638,-0.011619446991679553
11110B,-0.7789087302446366,0.048058414814434146,Espagnac,Frédérique,SOC,SER,Pyrénées-Atlantiques,243,https://www.senat.fr/senateur/espagnac_frederique11110b.html,https://www.senat.fr/senimg/espagnac_frederique11110b_carre.jpg,Frédérique Espagnac,-0.7789087302446366,0.0852099553447414
11115U,0.3904923512409837,0.04528733989107204,Courtial,Édouard,UC,UC,Oise,318,https://www.senat.fr/senateur/courtial_edouard11115u.html,https://www.senat.fr/senimg/courtial_edouard11115u_carre.jpg,Édouard Courtial,0.3904923512409837,0.0802967019345249
12016W,-0.7859572416826816,0.05026039550682565,Lurel,Victorin,SOC,SER,Guadeloupe,73,https://www.senat.fr/senateur/lurel_victorin12016w.html,https://www.senat.fr/senimg/lurel_victorin12016w_carre.jpg,Victorin Lurel,-0.7859572416826816,0.08911417643054194
12028B,-0.8382521492392299,0.0666276407120251,Carlotti,Marie-Arlette,SOC,SER,Bouches-du-Rhône,18,https://www.senat.fr/senateur/carlotti_marie_arlette12028b.html,https://www.senat.fr/senimg/carlotti_marie_arlette12028b_carre.jpg,Marie-Arlette Carlotti,-0.8382521492392299,0.11813411473763316
14001X,-0.8410648075003315,0.045171986069061205,Marie,Didier,SOC,SER,Seine-Maritime,72,https://www.senat.fr/senateur/marie_didier14001x.html,https://www.senat.fr/senimg/marie_didier14001x_carre.jpg,Didier Marie,-0.8410648075003315,0.0800921738813142
14021P,-0.8005742991260847,0.03477874653233311,Kanner,Patrick,SOC,SER,Nord,77,https://www.senat.fr/senateur/kanner_patrick14021p.html,https://www.senat.fr/senimg/kanner_patrick14021p_carre.jpg,Patrick Kanner,-0.8005742991260847,0.06166444420626438
14026U,0.7464835541335902,-0.04412936642092242,Gruny,Pascale,UMP,Les Républicains,Aisne,28,https://www.senat.fr/senateur/gruny_pascale14026u.html,https://www.senat.fr/senimg/gruny_pascale14026u_carre.jpg,Pascale Gruny,0.7464835541335902,-0.078243557483905
14030Q,0.17569450734899963,0.08096491191185227,Billon,Annick,UC,UC,Vendée,319,https://www.senat.fr/senateur/billon_annick14030q.html,https://www.senat.fr/senimg/billon_annick14030q_carre.jpg,Annick Billon,0.17569450734899963,0.14355480835434803
14031R,0.7162070951956396,-0.046155381463807,Mandelli,Didier,UMP,Les Républicains,Vendée,179,https://www.senat.fr/senateur/mandelli_didier14031r.html,https://www.senat.fr/senimg/mandelli_didier14031r_carre.jpg,Didier Mandelli,0.7162070951956396,-0.08183578273724647
14033T,0.6312704707795066,-0.04047621531481315,Gremillet,Daniel,UMP,Les Républicains,Vosges,284,https://www.senat.fr/senateur/gremillet_daniel14033t.html,https://www.senat.fr/senimg/gremillet_daniel14033t_carre.jpg,Daniel Gremillet,0.6312704707795066,-0.07176633921066163
14037X,0.03478670313381994,0.23124159094299332,Lemoyne,Jean-Baptiste,LREM,RDPI,Yonne,21,https://www.senat.fr/senateur/lemoyne_jean_baptiste14037x.html,https://www.senat.fr/senimg/lemoyne_jean_baptiste14037x_carre.jpg,Jean-Baptiste Lemoyne,0.03478670313381994,0.41000282082091016
14038Y,0.7274908010800509,-0.02931835014741903,Chaize,Patrick,UMP,Les Républicains,Ain,291,https://www.senat.fr/senateur/chaize_patrick14038y.html,https://www.senat.fr/senimg/chaize_patrick14038y_carre.jpg,Patrick Chaize,0.7274908010800509,-0.051982890332303244
14042U,0.1720617371163809,0.12136579799755705,Doineau,Élisabeth,UC,UC,Mayenne,262,https://www.senat.fr/senateur/doineau_elisabeth14042u.html,https://www.senat.fr/senimg/doineau_elisabeth14042u_carre.jpg,Élisabeth Doineau,0.1720617371163809,0.21518758510205152
14053L,0.5473867046500678,0.04260504996030283,Canayer,Agnès,UMP,Les Républicains,Seine-Maritime,175,https://www.senat.fr/senateur/canayer_agnes14053l.html,https://www.senat.fr/senimg/canayer_agnes14053l_carre.jpg,Agnès Canayer,0.5473867046500678,0.0755408687239412
14055N,0.06605633692840192,-0.013608174285050987,Ravier,Stéphane,NI,NI,Bouches-du-Rhône,327,https://www.senat.fr/senateur/ravier_stephane14055n.html,https://www.senat.fr/senimg/ravier_stephane14055n_carre.jpg,Stéphane Ravier,0.06605633692840192,-0.024127968590515938
14059S,0.6279577161780239,-0.04108390515278336,Lopez,Vivette,UMP,Les Républicains,Gard,331,https://www.senat.fr/senateur/lopez_vivette14059s.html,https://www.senat.fr/senimg/lopez_vivette14059s_carre.jpg,Vivette Lopez,0.6279577161780239,-0.07284380346238185
14069U,0.7836144325187342,-0.03438299205716909,Bonhomme,François,UMP,Les Républicains,Tarn-et-Garonne,168,https://www.senat.fr/senateur/bonhomme_francois14069u.html,https://www.senat.fr/senimg/bonhomme_francois14069u_carre.jpg,François Bonhomme,0.7836144325187342,-0.06096275187441328
14071N,0.6981340979441336,-0.026089443904047264,Mouiller,Philippe,UMP,Les Républicains,Deux-Sèvres,129,https://www.senat.fr/senateur/mouiller_philippe14071n.html,https://www.senat.fr/senimg/mouiller_philippe14071n_carre.jpg,Philippe Mouiller,0.6981340979441336,-0.04625787926249515
14073Q,0.20957863216201242,0.09393875866184029,Kern,Claude,UC,UC,Bas-Rhin,263,https://www.senat.fr/senateur/kern_claude14073q.html,https://www.senat.fr/senimg/kern_claude14073q_carre.jpg,Claude Kern,0.20957863216201242,0.16655808273375938
14083S,0.1520634375400667,0.10378812236780677,Canévet,Michel,UC,UC,Finistère,264,https://www.senat.fr/senateur/canevet_michel14083s.html,https://www.senat.fr/senimg/canevet_michel14083s_carre.jpg,Michel Canévet,0.1520634375400667,0.1840214935599411
14097Y,-0.7594880687661306,0.028038281749013162,Jourda,Gisèle,SOC,SER,Aude,109,https://www.senat.fr/senateur/jourda_gisele14097y.html,https://www.senat.fr/senimg/jourda_gisele14097y_carre.jpg,Gisèle Jourda,-0.7594880687661306,0.04971326551243469
14107H,-0.4622374582563924,0.19097018809914493,Roux,Jean-Yves,RDSE,RDSE,Alpes de Haute-Provence,116,https://www.senat.fr/senateur/roux_jean_yves14107h.html,https://www.senat.fr/senimg/roux_jean_yves14107h_carre.jpg,Jean-Yves Roux,-0.4622374582563924,0.3385996242892641
14109K,-0.8003781334105738,0.03743310366206357,Monier,Marie-Pierre,SOC,SER,Drôme,146,https://www.senat.fr/senateur/monier_marie_pierre14109k.html,https://www.senat.fr/senimg/monier_marie_pierre14109k_carre.jpg,Marie-Pierre Monier,-0.8003781334105738,0.06637075117387159
14111D,0.12015021702611968,0.14408212994375774,Marc,Alain,RTLI,Les Indépendants,Aveyron,313,https://www.senat.fr/senateur/marc_alain14111d.html,https://www.senat.fr/senimg/marc_alain14111d_carre.jpg,Alain Marc,0.12015021702611968,0.2554647694038258
14121F,-0.6856628674534723,0.08380543718303948,Jeansannetas,Éric,SOC,SER,Creuse,244,https://www.senat.fr/senateur/jeansannetas_eric14121f.html,https://www.senat.fr/senimg/jeansannetas_eric14121f_carre.jpg,Éric Jeansannetas,-0.6856628674534723,0.14859120067914802
14123H,0.623243059979067,-0.007710377701850601,Grosperrin,Jacques,UMP,Les Républicains,Doubs,62,https://www.senat.fr/senateur/grosperrin_jacques14123h.html,https://www.senat.fr/senimg/grosperrin_jacques14123h_carre.jpg,Jacques Grosperrin,0.623243059979067,-0.01367088245008972
14133K,0.7131221425959015,-0.03231287114424381,Allizard,Pascal,UMP,Les Républicains,Calvados,57,https://www.senat.fr/senateur/allizard_pascal14133k.html,https://www.senat.fr/senimg/allizard_pascal14133k_carre.jpg,Pascal Allizard,0.7131221425959015,-0.05729232472383655
14147R,0.6191250709083161,-0.0033759904989061934,Mercier,Marie,UMP,Les Républicains,Saône-et-Loire,221,https://www.senat.fr/senateur/mercier_marie14147r.html,https://www.senat.fr/senimg/mercier_marie14147r_carre.jpg,Marie Mercier,0.6191250709083161,-0.005985798756925876
14169X,0.7497012514307841,-0.05870886764298984,de Nicolaÿ,Louis-Jean,UMP,Les Républicains,Sarthe,99,https://www.senat.fr/senateur/de_nicolay_louis_jean14169x.html,https://www.senat.fr/senimg/de_nicolay_louis_jean14169x_carre.jpg,Louis-Jean de Nicolaÿ,0.7497012514307841,-0.10409373695565576
14173T,0.7060756056341253,-0.010327000280505089,Vogel,Jean Pierre,UMP,Les Républicains,Sarthe,233,https://www.senat.fr/senateur/vogel_jean_pierre14173t.html,https://www.senat.fr/senimg/vogel_jean_pierre14173t_carre.jpg,Jean Pierre Vogel,0.7060756056341253,-0.01831028418529271
14179A,0.19698567731917765,0.08308642314338655,Hervé,Loïc,UC,UC,Haute-Savoie,87,https://www.senat.fr/senateur/herve_loic14179a.html,https://www.senat.fr/senimg/herve_loic14179a_carre.jpg,Loïc Hervé,0.19698567731917765,0.1473163530911109
14187A,0.674703768163558,-0.007743746159201348,Estrosi Sassone,Dominique,UMP,Les Républicains,Alpes-Maritimes,128,https://www.senat.fr/senateur/estrosi_sassone_dominique14187a.html,https://www.senat.fr/senimg/estrosi_sassone_dominique14187a_carre.jpg,Dominique Estrosi Sassone,0.674703768163558,-0.013730046381562677
14189C,0.1964154321170012,0.08411743630754333,Arnaud,Jean-Michel,UC,UC,Hautes-Alpes,207,https://www.senat.fr/senateur/arnaud_jean_michel14189c.html,https://www.senat.fr/senimg/arnaud_jean_michel14189c_carre.jpg,Jean-Michel Arnaud,0.1964154321170012,0.1491443906162116
14191V,0.6671307808700861,-0.023729709321731574,Panunzi,Jean-Jacques,UMP,Les Républicains,Corse-du-Sud,63,https://www.senat.fr/senateur/panunzi_jean_jacques14191v.html,https://www.senat.fr/senimg/panunzi_jean_jacques14191v_carre.jpg,Jean-Jacques Panunzi,0.6671307808700861,-0.042073952698105634
14193X,0.625944117765186,-0.018029484514565007,Perrin,Cédric,UMP,Les Républicains,Territoire de Belfort,136,https://www.senat.fr/senateur/perrin_cedric14193x.html,https://www.senat.fr/senimg/perrin_cedric14193x_carre.jpg,Cédric Perrin,0.625944117765186,-0.03196717112511526
14195A,0.09741357562728364,0.13906415511419346,Chasseing,Daniel,RTLI,Les Indépendants,Corrèze,310,https://www.senat.fr/senateur/chasseing_daniel14195a.html,https://www.senat.fr/senimg/chasseing_daniel14195a_carre.jpg,Daniel Chasseing,0.09741357562728364,0.24656765091169056
14205J,0.19147806319234725,0.07667553706010133,Loisier,Anne-Catherine,UC,UC,Côte-d'Or,320,https://www.senat.fr/senateur/loisier_anne_catherine14205j.html,https://www.senat.fr/senimg/loisier_anne_catherine14205j_carre.jpg,Anne-Catherine Loisier,0.19147806319234725,0.13594953379450592
14207L,-0.4849718852382211,0.20549159169568398,Cabanel,Henri,RDSE,RDSE,Hérault,3,https://www.senat.fr/senateur/cabanel_henri14207l.html,https://www.senat.fr/senimg/cabanel_henri14207l_carre.jpg,Henri Cabanel,-0.4849718852382211,0.3643467937866738
14211G,0.2310400364594072,0.11020158745141248,Grand,Jean-Pierre,RTLI,Les Indépendants,Hérault,202,https://www.senat.fr/senateur/grand_jean_pierre14211g.html,https://www.senat.fr/senimg/grand_jean_pierre14211g_carre.jpg,Jean-Pierre Grand,0.2310400364594072,0.19539288555214981
14213J,0.619238903586369,-0.015547606756422522,Imbert,Corinne,UMP,Les Républicains,Charente-Maritime,277,https://www.senat.fr/senateur/imbert_corinne14213j.html,https://www.senat.fr/senimg/imbert_corinne14213j_carre.jpg,Corinne Imbert,0.619238903586369,-0.027566678646139226
14215L,0.6973335242988978,-0.04357448871611213,Di Folco,Catherine,UMP,Les Républicains,Rhône,133,https://www.senat.fr/senateur/di_folco_catherine14215l.html,https://www.senat.fr/senimg/di_folco_catherine14215l_carre.jpg,Catherine Di Folco,0.6973335242988978,-0.07725973176615626
14217N,0.7113475312294879,-0.042180952537328106,Deseyne,Chantal,UMP,Les Républicains,Eure-et-Loir,217,https://www.senat.fr/senateur/deseyne_chantal14217n.html,https://www.senat.fr/senimg/deseyne_chantal14217n_carre.jpg,Chantal Deseyne,0.7113475312294879,-0.07478892293852502
14219Q,0.17280773444503109,0.0952849387107133,Longeot,Jean-François,UC,UC,Doubs,261,https://www.senat.fr/senateur/longeot_jean_francois14219q.html,https://www.senat.fr/senimg/longeot_jean_francois14219q_carre.jpg,Jean-François Longeot,0.17280773444503109,0.16894492679204487
14221J,0.12090078930445464,0.1445158167205431,Médevielle,Pierre,RTLI,Les Indépendants,Haute-Garonne,312,https://www.senat.fr/senateur/medevielle_pierre14221j.html,https://www.senat.fr/senimg/medevielle_pierre14221j_carre.jpg,Pierre Médevielle,0.12090078930445464,0.25623371758961544
14223L,0.6473205848745128,-0.027401138463213945,Micouleau,Brigitte,UMP,Les Républicains,Haute-Garonne,95,https://www.senat.fr/senateur/micouleau_brigitte14223l.html,https://www.senat.fr/senimg/micouleau_brigitte14223l_carre.jpg,Brigitte Micouleau,0.6473205848745128,-0.048583578835485725
14225N,-0.8264306924239093,0.039908535235135184,Raynal,Claude,SOC,SER,Haute-Garonne,20,https://www.senat.fr/senateur/raynal_claude14225n.html,https://www.senat.fr/senimg/raynal_claude14225n_carre.jpg,Claude Raynal,-0.8264306924239093,0.0707598142466936
14229S,-0.8361037820871416,0.03915886724965052,Robert,Sylvie,SOC,SER,Ille-et-Vilaine,19,https://www.senat.fr/senateur/robert_sylvie14229s.html,https://www.senat.fr/senimg/robert_sylvie14229s_carre.jpg,Sylvie Robert,-0.8361037820871416,0.06943061569086972
14237S,0.4088769259831343,0.03257703773442517,Pellevat,Cyril,RTLI,Les Indépendants,Haute-Savoie,258,https://www.senat.fr/senateur/pellevat_cyril14237s.html,https://www.senat.fr/senimg/pellevat_cyril14237s_carre.jpg,Cyril Pellevat,0.4088769259831343,0.05776070520288151
14241N,-0.3529338201465452,0.14792239199286633,Jouve,Mireille,RDSE,RDSE,Bouches-du-Rhône,83,https://www.senat.fr/senateur/jouve_mireille14241n.html,https://www.senat.fr/senimg/jouve_mireille14241n_carre.jpg,Mireille Jouve,-0.3529338201465452,0.26227374466820275
14249W,0.05254757290195477,0.21087718843631637,Duranton,Nicole,LREM,RDPI,Eure,154,https://www.senat.fr/senateur/duranton_nicole14249w.html,https://www.senat.fr/senimg/duranton_nicole14249w_carre.jpg,Nicole Duranton,0.05254757290195477,0.37389572417786593
14251Q,0.10878227181721557,0.15084348297098785,Malhuret,Claude,RTLI,Les Indépendants,Allier,256,https://www.senat.fr/senateur/malhuret_claude14251q.html,https://www.senat.fr/senimg/malhuret_claude14251q_carre.jpg,Claude Malhuret,0.10878227181721557,0.2674529839911132
14253S,0.7087929718814016,-0.014872134499130251,Nougein,Claude,UMP,Les Républicains,Corrèze,176,https://www.senat.fr/senateur/nougein_claude14253s.html,https://www.senat.fr/senimg/nougein_claude14253s_carre.jpg,Claude Nougein,0.7087929718814016,-0.026369032799876336
14255U,0.16190700633421415,0.12020270850346322,Cadic,Olivier,UC,UC,Français établis hors de France (Série 2),163,https://www.senat.fr/senateur/cadic_olivier14255u.html,https://www.senat.fr/senimg/cadic_olivier14255u_carre.jpg,Olivier Cadic,0.16190700633421415,0.21312536968699156
14257W,-0.8037900209243567,0.04407929794298319,Montaugé,Franck,SOC,SER,Gers,42,https://www.senat.fr/senateur/montauge_franck14257w.html,https://www.senat.fr/senimg/montauge_franck14257w_carre.jpg,Franck Montaugé,-0.8037900209243567,0.07815478358684963
14259Y,0.5823043506566075,-0.004153579783862152,Darnaud,Mathieu,UMP,Les Républicains,Ardèche,93,https://www.senat.fr/senateur/darnaud_mathieu14259y.html,https://www.senat.fr/senimg/darnaud_mathieu14259y_carre.jpg,Mathieu Darnaud,0.5823043506566075,-0.0073645031628761575
14267Y,0.2163167948112201,0.09150757539624677,Cigolotti,Olivier,UC,UC,Haute-Loire,123,https://www.senat.fr/senateur/cigolotti_olivier14267y.html,https://www.senat.fr/senimg/cigolotti_olivier14267y_carre.jpg,Olivier Cigolotti,0.2163167948112201,0.16224747410682053
14275Y,0.2203497740847727,0.09678191042625343,Tetuanui,Lana,UC,UC,Polynésie française,317,https://www.senat.fr/senateur/tetuanui_lana14275y.html,https://www.senat.fr/senimg/tetuanui_lana14275y_carre.jpg,Lana Tetuanui,0.2203497740847727,0.17159913196144227
14281W,-0.794298786843222,0.04761135670867977,Féret,Corinne,SOC,SER,Calvados,147,https://www.senat.fr/senateur/feret_corinne14281w.html,https://www.senat.fr/senimg/feret_corinne14281w_carre.jpg,Corinne Féret,-0.794298786843222,0.08441729912886485
14327T,0.12128635415892525,0.10481029695801224,Delcros,Bernard,UC,UC,Cantal,27,https://www.senat.fr/senateur/delcros_bernard14327t.html,https://www.senat.fr/senimg/delcros_bernard14327t_carre.jpg,Bernard Delcros,0.12128635415892525,0.18583385985463163
14329V,0.7473793576661565,-0.03812690982373959,Chain-Larché,Anne,UMP,Les Républicains,Seine-et-Marne,276,https://www.senat.fr/senateur/chain_larche_anne14329v.html,https://www.senat.fr/senimg/chain_larche_anne14329v_carre.jpg,Anne Chain-Larché,0.7473793576661565,-0.0676009039428007
14331P,0.7750426127800794,-0.045245926527129776,Rapin,Jean-François,UMP,Les Républicains,Pas-de-Calais,172,https://www.senat.fr/senateur/rapin_jean_francois14331p.html,https://www.senat.fr/senimg/rapin_jean_francois14331p_carre.jpg,Jean-François Rapin,0.7750426127800794,-0.08022327398427266
14355X,0.6913655394982214,-0.015401682980410428,Gerbaud,Frédérique,UMP,Les Républicains,Indre,343,https://www.senat.fr/senateur/gerbaud_frederique14355x.html,https://www.senat.fr/senimg/gerbaud_frederique14355x_carre.jpg,Frédérique Gerbaud,0.6913655394982214,-0.027307948546827002
14357A,0.7945820038072781,-0.06991822077104615,Cuypers,Pierre,UMP,Les Républicains,Seine-et-Marne,275,https://www.senat.fr/senateur/cuypers_pierre14357a.html,https://www.senat.fr/senimg/cuypers_pierre14357a_carre.jpg,Pierre Cuypers,0.7945820038072781,-0.12396847654440807
15197G,0.24429569597679746,0.08643148830576385,Dhersin,Franck,UC,UC,Nord,124,https://www.senat.fr/senateur/dhersin_franck15197g.html,https://www.senat.fr/senimg/dhersin_franck15197g_carre.jpg,Franck Dhersin,0.24429569597679746,0.15324731969107067
17023S,0.2169286977715541,0.08648208074095567,Folliot,Philippe,UC,UC,Tarn,321,https://www.senat.fr/senateur/folliot_philippe17023s.html,https://www.senat.fr/senimg/folliot_philippe17023s_carre.jpg,Philippe Folliot,0.2169286977715541,0.15333702259034696
17229F,0.22096120765930016,0.08790511209489224,Demilly,Stéphane,UC,UC,Somme,7,https://www.senat.fr/senateur/demilly_stephane17229f.html,https://www.senat.fr/senimg/demilly_stephane17229f_carre.jpg,Stéphane Demilly,0.22096120765930016,0.15586012782782313
17367Q,0.6984385818808562,-0.06764828885550027,Blanc,Étienne,UMP,Les Républicains,Rhône,344,https://www.senat.fr/senateur/blanc_etienne17367q.html,https://www.senat.fr/senimg/blanc_etienne17367q_carre.jpg,Étienne Blanc,0.6984385818808562,-0.11994377456648986
17737W,0.7740920235922456,-0.06186756029777124,Boyer,Valérie,UMP,Les Républicains,Bouches-du-Rhône,174,https://www.senat.fr/senateur/boyer_valerie17737w.html,https://www.senat.fr/senimg/boyer_valerie17737w_carre.jpg,Valérie Boyer,0.7740920235922456,-0.10969425584711213
17779H,-0.8484341539019505,0.04224460288318297,Lubin,Monique,SOC,SER,Landes,241,https://www.senat.fr/senateur/lubin_monique17779h.html,https://www.senat.fr/senimg/lubin_monique17779h_carre.jpg,Monique Lubin,-0.8484341539019505,0.07490177816167194
17965H,-0.8313323445080127,0.04152675572237188,Poumirol,Émilienne,SOC,SER,Haute-Garonne,71,https://www.senat.fr/senateur/poumirol_emilienne17965h.html,https://www.senat.fr/senimg/poumirol_emilienne17965h_carre.jpg,Émilienne Poumirol,-0.8313323445080127,0.07362899950775158
18045D,0.09304989455192592,0.11137437280051239,Bourguignon,Brigitte,UC,UC,Pas-de-Calais,85,https://www.senat.fr/senateur/bourguignon_brigitte18045d.html,https://www.senat.fr/senimg/bourguignon_brigitte18045d_carre.jpg,Brigitte Bourguignon,0.09304989455192592,0.19747229219949008
18083K,0.712360926914339,-0.003952387222430655,Chevrollier,Guillaume,UMP,Les Républicains,Mayenne,12,https://www.senat.fr/senateur/chevrollier_guillaume18083k.html,https://www.senat.fr/senimg/chevrollier_guillaume18083k_carre.jpg,Guillaume Chevrollier,0.712360926914339,-0.007007778763174921
18193Q,-0.8851036249920009,0.048045377973785885,Le Houerou,Annie,SOC,SER,Côtes-d'Armor,43,https://www.senat.fr/senateur/le_houerou_annie18193q.html,https://www.senat.fr/senimg/le_houerou_annie18193q_carre.jpg,Annie Le Houerou,-0.8851036249920009,0.085186840379053
18207D,-0.8605420408023812,0.06655682358360988,Linkenheld,Audrey,SOC,SER,Nord,112,https://www.senat.fr/senateur/linkenheld_audrey18207d.html,https://www.senat.fr/senimg/linkenheld_audrey18207d_carre.jpg,Audrey Linkenheld,-0.8605420408023812,0.11800855245320903
18231D,-0.8549717313206932,0.07046015971622326,Narassiguin,Corinne,SOC,SER,Seine-Saint-Denis,240,https://www.senat.fr/senateur/narassiguin_corinne18231d.html,https://www.senat.fr/senimg/narassiguin_corinne18231d_carre.jpg,Corinne Narassiguin,-0.8549717313206932,0.12492936119897742
18395Y,-0.9248633269531827,0.0530473992355645,Daniel,Karine,SOC,SER,Loire-Atlantique,192,https://www.senat.fr/senateur/daniel_karine18395y.html,https://www.senat.fr/senimg/daniel_karine18395y_carre.jpg,Karine Daniel,-0.9248633269531827,0.09405567240348317
19057M,-0.2720385838024592,0.488052114534695,Cazebonne,Samantha,LREM,RDPI,Français établis hors de France (Série 2),48,https://www.senat.fr/senateur/cazebonne_samantha19057m.html,https://www.senat.fr/senimg/cazebonne_samantha19057m_carre.jpg,Samantha Cazebonne,-0.2720385838024592,0.8653406286076153
19111A,0.2056050323774501,0.0995385742108582,Florennes,Isabelle,UC,UC,Hauts-de-Seine,88,https://www.senat.fr/senateur/florennes_isabelle19111a.html,https://www.senat.fr/senimg/florennes_isabelle19111a_carre.jpg,Isabelle Florennes,0.2056050323774501,0.1764868337071954
19251M,-0.8828650432151617,0.04232733065839786,Devinaz,Gilbert-Luc,SOC,SER,Rhône,297,https://www.senat.fr/senateur/devinaz_gilbert_luc19251m.html,https://www.senat.fr/senimg/devinaz_gilbert_luc19251m_carre.jpg,Gilbert-Luc Devinaz,-0.8828650432151617,0.07504845861418061
19295A,-0.7849228063746178,0.057711846063929366,Conconne,Catherine,SOC,SER,Martinique,17,https://www.senat.fr/senateur/conconne_catherine19295a.html,https://www.senat.fr/senimg/conconne_catherine19295a_carre.jpg,Catherine Conconne,-0.7849228063746178,0.10232596819845634
19301E,-0.24286917811086878,0.5074672779106489,Théophile,Dominique,LREM,RDPI,Guadeloupe,22,https://www.senat.fr/senateur/theophile_dominique19301e.html,https://www.senat.fr/senimg/theophile_dominique19301e_carre.jpg,Dominique Théophile,-0.24286917811086878,0.8997646771465408
19331L,-0.3770375100979467,0.17685151924499898,Omar Oili,Saïd,SOC,SER,Mayotte,246,https://www.senat.fr/senateur/omar_oili_said19331l.html,https://www.senat.fr/senimg/omar_oili_said19331l_carre.jpg,Saïd Omar Oili,-0.3770375100979467,0.3135665234840408
19335Q,0.22777890370908382,0.06912015405318968,Mizzon,Jean-Marie,UC,UC,Moselle,324,https://www.senat.fr/senateur/mizzon_jean_marie19335q.html,https://www.senat.fr/senimg/mizzon_jean_marie19335q_carre.jpg,Jean-Marie Mizzon,0.22777890370908382,0.12255346463331504
19347U,-0.6672257123960215,-0.06460373416150382,Gontard,Guillaume,GEST,GEST,Isère,248,https://www.senat.fr/senateur/gontard_guillaume19347u.html,https://www.senat.fr/senimg/gontard_guillaume19347u_carre.jpg,Guillaume Gontard,-0.6672257123960215,-0.11454562794592878
19349W,-0.23946094985045352,0.5108206975695878,Rambaud,Didier,LREM,RDPI,Isère,114,https://www.senat.fr/senateur/rambaud_didier19349w.html,https://www.senat.fr/senimg/rambaud_didier19349w_carre.jpg,Didier Rambaud,-0.23946094985045352,0.9057104566836665
19367Y,0.635012717679825,-0.038339675336923555,Bonfanti-Dossat,Christine,UMP,Les Républicains,Lot-et-Garonne,36,https://www.senat.fr/senateur/bonfanti_dossat_christine19367y.html,https://www.senat.fr/senimg/bonfanti_dossat_christine19367y_carre.jpg,Christine Bonfanti-Dossat,0.635012717679825,-0.06797814776050276
19383Y,0.82309218687456,-0.07203272763807722,Boyer,Jean-Marc,UMP,Les Républicains,Puy-de-Dôme,274,https://www.senat.fr/senateur/boyer_jean_marc19383y.html,https://www.senat.fr/senimg/boyer_jean_marc19383y_carre.jpg,Jean-Marc Boyer,0.82309218687456,-0.1277176021951724
19387D,-0.4053620106990664,0.18138370435196666,Gold,Éric,RDSE,RDSE,Puy-de-Dôme,118,https://www.senat.fr/senateur/gold_eric19387d.html,https://www.senat.fr/senimg/gold_eric19387d_carre.jpg,Éric Gold,-0.4053620106990664,0.321602312680792
19399H,0.8326283168637177,-0.057113035342800544,Hugonet,Jean-Raymond,UMP,Les Républicains,Essonne,282,https://www.senat.fr/senateur/hugonet_jean_raymond19399h.html,https://www.senat.fr/senimg/hugonet_jean_raymond19399h_carre.jpg,Jean-Raymond Hugonet,0.8326283168637177,-0.1012642470617031
19413M,-0.7925776617178457,0.026218870349953436,Tissot,Jean-Claude,SOC,SER,Loire,299,https://www.senat.fr/senateur/tissot_jean_claude19413m.html,https://www.senat.fr/senimg/tissot_jean_claude19413m_carre.jpg,Jean-Claude Tissot,-0.7925776617178457,0.04648735877651319
19421M,0.6882965594529139,-0.031189925501320544,Saury,Hugues,UMP,Les Républicains,Loiret,177,https://www.senat.fr/senateur/saury_hugues19421m.html,https://www.senat.fr/senimg/saury_hugues19421m_carre.jpg,Hugues Saury,0.6882965594529139,-0.055301286349859126
19447X,0.7916233214226067,-0.07597056469747739,Jourda,Muriel,UMP,Les Républicains,Morbihan,232,https://www.senat.fr/senateur/jourda_muriel19447x.html,https://www.senat.fr/senimg/jourda_muriel19447x_carre.jpg,Muriel Jourda,0.7916233214226067,-0.13469958279694574
19479G,0.19350766844835415,0.10983310784366833,Vermeillet,Sylvie,UC,UC,Jura,260,https://www.senat.fr/senateur/vermeillet_sylvie19479g.html,https://www.senat.fr/senimg/vermeillet_sylvie19479g_carre.jpg,Sylvie Vermeillet,0.19350766844835415,0.19473955291430556
19489J,-0.8401430267748964,0.04575170805137169,Kerrouche,Éric,SOC,SER,Landes,108,https://www.senat.fr/senateur/kerrouche_eric19489j.html,https://www.senat.fr/senimg/kerrouche_eric19489j_carre.jpg,Éric Kerrouche,-0.8401430267748964,0.08112004973647463
19507S,0.6856471889703306,-0.05785830545537607,Duplomb,Laurent,UMP,Les Républicains,Haute-Loire,332,https://www.senat.fr/senateur/duplomb_laurent19507s.html,https://www.senat.fr/senimg/duplomb_laurent19507s_carre.jpg,Laurent Duplomb,0.6856471889703306,-0.10258564797052495
19531S,-0.7789113376522916,0.02966166733510038,Joly,Patrice,SOC,SER,Nièvre,190,https://www.senat.fr/senateur/joly_patrice19531s.html,https://www.senat.fr/senimg/joly_patrice19531s_carre.jpg,Patrice Joly,-0.7789113376522916,0.05259160875017799
19533U,0.7222729982416983,-0.05283572407402091,Piednoir,Stéphane,UMP,Les Républicains,Maine-et-Loire,169,https://www.senat.fr/senateur/piednoir_stephane19533u.html,https://www.senat.fr/senimg/piednoir_stephane19533u_carre.jpg,Stéphane Piednoir,0.7222729982416983,-0.09368036183337042
19545Y,0.09495193410792113,0.15333722008956285,Capus,Emmanuel,RTLI,Les Indépendants,Maine-et-Loire,254,https://www.senat.fr/senateur/capus_emmanuel19545y.html,https://www.senat.fr/senimg/capus_emmanuel19545y_carre.jpg,Emmanuel Capus,0.09495193410792113,0.2718745037048987
19551W,-0.8441723886895708,0.0424419383718712,Jacquin,Olivier,SOC,SER,Meurthe-et-Moselle,298,https://www.senat.fr/senateur/jacquin_olivier19551w.html,https://www.senat.fr/senimg/jacquin_olivier19551w_carre.jpg,Olivier Jacquin,-0.8441723886895708,0.07525166377991348
19563B,0.055020684884168766,0.1329055259501017,Menonville,Franck,UC,UC,Meuse,166,https://www.senat.fr/senateur/menonville_franck19563b.html,https://www.senat.fr/senimg/menonville_franck19563b_carre.jpg,Franck Menonville,0.055020684884168766,0.2356480956562087
19565D,-0.6668874985208126,-0.10262243184737403,Gréaume,Michelle,CRC,CRCE-K,Nord,184,https://www.senat.fr/senateur/greaume_michelle19565d.html,https://www.senat.fr/senimg/greaume_michelle19565d_carre.jpg,Michelle Gréaume,-0.6668874985208126,-0.18195466639605326
19569H,0.20624073754754452,0.09909633742254752,Henno,Olivier,UC,UC,Nord,208,https://www.senat.fr/senateur/henno_olivier19569h.html,https://www.senat.fr/senimg/henno_olivier19569h_carre.jpg,Olivier Henno,0.20624073754754452,0.1757027259265027
19573D,0.6724181005103136,-0.027399652446081786,Paccaud,Olivier,UMP,Les Républicains,Oise,98,https://www.senat.fr/senateur/paccaud_olivier19573d.html,https://www.senat.fr/senimg/paccaud_olivier19573d_carre.jpg,Olivier Paccaud,0.6724181005103136,-0.0485809440533365
19575F,0.6170364504393306,6.791393164195939e-4,Berthet,Martine,UMP,Les Républicains,Savoie,33,https://www.senat.fr/senateur/berthet_martine19575f.html,https://www.senat.fr/senimg/berthet_martine19575f_carre.jpg,Martine Berthet,0.6170364504393306,0.0012041477241482162
19585H,0.08652772657738508,0.143667952599747,Wattebled,Dany,RTLI,Les Indépendants,Nord,314,https://www.senat.fr/senateur/wattebled_dany19585h.html,https://www.senat.fr/senimg/wattebled_dany19585h_carre.jpg,Dany Wattebled,0.08652772657738508,0.25473041241089894
19591F,-0.3284464976845727,0.32176771721349456,Iacovelli,Xavier,LREM,RDPI,Hauts-de-Seine,78,https://www.senat.fr/senateur/iacovelli_xavier19591f.html,https://www.senat.fr/senimg/iacovelli_xavier19591f_carre.jpg,Xavier Iacovelli,-0.3284464976845727,0.5705101369033592
19593H,-0.67033196715408,-0.09463573641132257,Ouzoulias,Pierre,CRC,CRCE-K,Hauts-de-Seine,183,https://www.senat.fr/senateur/ouzoulias_pierre19593h.html,https://www.senat.fr/senimg/ouzoulias_pierre19593h_carre.jpg,Pierre Ouzoulias,-0.67033196715408,-0.16779385888532372
19611R,0.215909063040832,0.09376973889037375,Lafon,Laurent,UC,UC,Val-de-Marne,52,https://www.senat.fr/senateur/lafon_laurent19611r.html,https://www.senat.fr/senimg/lafon_laurent19611r_carre.jpg,Laurent Lafon,0.215909063040832,0.16625840228789673
19619A,0.15782849838080443,0.10071356224382175,Saint-Pé,Denise,UC,UC,Pyrénées-Atlantiques,160,https://www.senat.fr/senateur/saint_pe_denise19619a.html,https://www.senat.fr/senimg/saint_pe_denise19619a_carre.jpg,Denise Saint-Pé,0.15782849838080443,0.178570145822379
19621T,0.5672117392855145,-0.02315793066906848,Brisson,Max,UMP,Les Républicains,Pyrénées-Atlantiques,13,https://www.senat.fr/senateur/brisson_max19621t.html,https://www.senat.fr/senimg/brisson_max19621t_carre.jpg,Max Brisson,0.5672117392855145,-0.041060160760759724
19629C,-0.3974177356193821,0.1732409772829628,Carrère,Maryse,RDSE,RDSE,Hautes-Pyrénées,117,https://www.senat.fr/senateur/carrere_maryse19629c.html,https://www.senat.fr/senimg/carrere_maryse19629c_carre.jpg,Maryse Carrère,-0.3974177356193821,0.30716485333858656
19631V,-0.7934781141041741,0.03443856486307077,Artigalas,Viviane,SOC,SER,Hautes-Pyrénées,293,https://www.senat.fr/senateur/artigalas_viviane19631v.html,https://www.senat.fr/senimg/artigalas_viviane19631v_carre.jpg,Viviane Artigalas,-0.7934781141041741,0.061061285218210595
19647E,-0.8225436220435703,0.03316466915173349,Féraud,Rémi,SOC,SER,Paris,75,https://www.senat.fr/senateur/feraud_remi19647e.html,https://www.senat.fr/senimg/feraud_remi19647e_carre.jpg,Rémi Féraud,-0.8225436220435703,0.05880260487896009
19649G,-0.853247681836407,0.04413989444587703,de La Gontrie,Marie-Pierre,SOC,SER,Paris,44,https://www.senat.fr/senateur/de_la_gontrie_marie_pierre19649g.html,https://www.senat.fr/senimg/de_la_gontrie_marie_pierre19649g_carre.jpg,Marie-Pierre de La Gontrie,-0.853247681836407,0.07826222419481743
19657G,0.7119184608828272,-0.020505070189378412,Malet,Viviane,UMP,Les Républicains,La Réunion,339,https://www.senat.fr/senateur/malet_viviane19657g.html,https://www.senat.fr/senimg/malet_viviane19657g_carre.jpg,Viviane Malet,0.7119184608828272,-0.036356507427975915
19667J,0.6361811802141979,-0.0266360697931046,Bazin,Arnaud,UMP,Les Républicains,Val-d'Oise,178,https://www.senat.fr/senateur/bazin_arnaud19667j.html,https://www.senat.fr/senimg/bazin_arnaud19667j_carre.jpg,Arnaud Bazin,0.6361811802141979,-0.047227074101249295
19669L,-0.776403088368152,0.037406056471309526,Temal,Rachid,SOC,SER,Val-d'Oise,113,https://www.senat.fr/senateur/temal_rachid19669l.html,https://www.senat.fr/senimg/temal_rachid19669l_carre.jpg,Rachid Temal,-0.776403088368152,0.06632279516189633
19673G,0.80999382944203,-0.06409262437180703,Eustache-Brinio,Jacqueline,UMP,Les Républicains,Val-d'Oise,181,https://www.senat.fr/senateur/eustache_brinio_jacqueline19673g.html,https://www.senat.fr/senimg/eustache_brinio_jacqueline19673g_carre.jpg,Jacqueline Eustache-Brinio,0.80999382944203,-0.11363940491455148
19679N,0.7033940647160666,-0.012618476850315368,Puissat,Frédérique,UMP,Les Républicains,Isère,92,https://www.senat.fr/senateur/puissat_frederique19679n.html,https://www.senat.fr/senimg/puissat_frederique19679n_carre.jpg,Frédérique Puissat,0.7033940647160666,-0.022373185904814484
19681G,-0.4795309956078583,0.07938254588787665,Corbisez,Jean-Pierre,CRC,CRCE-K,Pas-de-Calais,235,https://www.senat.fr/senateur/corbisez_jean_pierre19681g.html,https://www.senat.fr/senimg/corbisez_jean_pierre19681g_carre.jpg,Jean-Pierre Corbisez,-0.4795309956078583,0.14074919483666073
19683J,-0.7833682481322247,0.04871861475470138,Jomier,Bernard,SOC,SER,Paris,74,https://www.senat.fr/senateur/jomier_bernard19683j.html,https://www.senat.fr/senimg/jomier_bernard19683j_carre.jpg,Bernard Jomier,-0.7833682481322247,0.08638052261471876
19685L,0.2862912513837466,0.05071508937817541,Herzog,Christine,UC,UC,Moselle,325,https://www.senat.fr/senateur/herzog_christine19685l.html,https://www.senat.fr/senimg/herzog_christine19685l_carre.jpg,Christine Herzog,0.2862912513837466,0.08992037123789967
19687N,-0.6637505664743657,-0.08797818421189087,Savoldelli,Pascal,CRC,CRCE-K,Val-de-Marne,69,https://www.senat.fr/senateur/savoldelli_pascal19687n.html,https://www.senat.fr/senimg/savoldelli_pascal19687n_carre.jpg,Pascal Savoldelli,-0.6637505664743657,-0.15598968831895546
19691J,0.23116196454219493,0.09388912654463145,Guidez,Jocelyne,UC,UC,Essonne,26,https://www.senat.fr/senateur/guidez_jocelyne19691j.html,https://www.senat.fr/senimg/guidez_jocelyne19691j_carre.jpg,Jocelyne Guidez,0.23116196454219493,0.1664700825259423
19693L,0.29051950886022204,0.056316622981890295,Darcos,Laure,RTLI,Les Indépendants,Essonne,255,https://www.senat.fr/senateur/darcos_laure19693l.html,https://www.senat.fr/senimg/darcos_laure19693l_carre.jpg,Laure Darcos,0.29051950886022204,0.09985216840760691
19695N,-0.6653170508650732,-0.08867392060289239,Gay,Fabien,CRC,CRCE-K,Seine-Saint-Denis,140,https://www.senat.fr/senateur/gay_fabien19695n.html,https://www.senat.fr/senimg/gay_fabien19695n_carre.jpg,Fabien Gay,-0.6653170508650732,-0.15722326348030569
19697Q,-0.1695976945257507,0.4454609362005102,Lévrier,Martin,LREM,RDPI,Yvelines,115,https://www.senat.fr/senateur/levrier_martin19697q.html,https://www.senat.fr/senimg/levrier_martin19697q_carre.jpg,Martin Lévrier,-0.1695976945257507,0.7898243549654437
19699S,0.2284832589820145,0.09048531597491664,Laugier,Michel,UC,UC,Yvelines,266,https://www.senat.fr/senateur/laugier_michel19699s.html,https://www.senat.fr/senimg/laugier_michel19699s_carre.jpg,Michel Laugier,0.2284832589820145,0.1604349574023345
19701S,0.6373324872018361,-0.019979060718599083,de Cidrac,Marta,UMP,Les Républicains,Yvelines,127,https://www.senat.fr/senateur/de_cidrac_marta19701s.html,https://www.senat.fr/senimg/de_cidrac_marta19701s_carre.jpg,Marta de Cidrac,0.6373324872018361,-0.0354238665223388
19703U,0.6410320324279075,-0.028184776908038365,Sol,Jean,UMP,Les Républicains,Pyrénées-Orientales,8,https://www.senat.fr/senateur/sol_jean19703u.html,https://www.senat.fr/senimg/sol_jean19703u_carre.jpg,Jean Sol,0.6410320324279075,-0.04997300870219569
19705W,0.5353359199603663,0.023694356606076425,Renaud-Garabedian,Évelyne,UMP,Les Républicains,Français établis hors de France (Série 1),335,https://www.senat.fr/senateur/renaud_garabedian_evelyne19705w.html,https://www.senat.fr/senimg/renaud_garabedian_evelyne19705w_carre.jpg,Évelyne Renaud-Garabedian,0.5353359199603663,0.04201127057814969
19709B,0.5745420504371572,0.007567059823199582,Le Gleut,Ronan,UMP,Les Républicains,Français établis hors de France (Série 1),342,https://www.senat.fr/senateur/le_gleut_ronan19709b.html,https://www.senat.fr/senimg/le_gleut_ronan19709b_carre.jpg,Ronan Le Gleut,0.5745420504371572,0.013416772736169473
19711U,0.6995493253747651,-0.011246010240331998,Lavarde,Christine,UMP,Les Républicains,Hauts-de-Seine,11,https://www.senat.fr/senateur/lavarde_christine19711u.html,https://www.senat.fr/senimg/lavarde_christine19711u_carre.jpg,Christine Lavarde,0.6995493253747651,-0.019939734468673757
19713W,0.1580178906941409,0.1008677560052449,Sollogoub,Nadia,UC,UC,Nièvre,214,https://www.senat.fr/senateur/sollogoub_nadia19713w.html,https://www.senat.fr/senimg/sollogoub_nadia19713w_carre.jpg,Nadia Sollogoub,0.1580178906941409,0.1788435390163917
19719D,-0.27902899139726545,0.18703054115969875,Delattre,Nathalie,RDSE,RDSE,Gironde,4,https://www.senat.fr/senateur/delattre_nathalie19719d.html,https://www.senat.fr/senimg/delattre_nathalie19719d_carre.jpg,Nathalie Delattre,-0.27902899139726545,0.331614434680317
19721W,0.19501698443873083,0.10678293278914626,Cazabonne,Alain,UC,UC,Gironde,326,https://www.senat.fr/senateur/cazabonne_alain19721w.html,https://www.senat.fr/senimg/cazabonne_alain19721w_carre.jpg,Alain Cazabonne,0.19501698443873083,0.18933144111550756
19723Y,0.6186848062818362,0.0014889695340356553,Lassarade,Florence,UMP,Les Républicains,Gironde,290,https://www.senat.fr/senateur/lassarade_florence19723y.html,https://www.senat.fr/senimg/lassarade_florence19723y_carre.jpg,Florence Lassarade,0.6186848062818362,0.002640016904318538
19725B,-0.8646466985936985,0.04301336037171385,Harribey,Laurence,SOC,SER,Gironde,45,https://www.senat.fr/senateur/harribey_laurence19725b.html,https://www.senat.fr/senimg/harribey_laurence19725b_carre.jpg,Laurence Harribey,-0.8646466985936985,0.07626482335410258
19729F,0.7728916424166122,-0.041642998736243296,Leroy,Henri,UMP,Les Républicains,Alpes-Maritimes,338,https://www.senat.fr/senateur/leroy_henri19729f.html,https://www.senat.fr/senimg/leroy_henri19729f_carre.jpg,Henri Leroy,0.7728916424166122,-0.07383510414227536
19735D,0.2055501815098677,0.07802674865504695,de La Provôté,Sonia,UC,UC,Calvados,206,https://www.senat.fr/senateur/de_la_provote_sonia19735d.html,https://www.senat.fr/senimg/de_la_provote_sonia19735d_carre.jpg,Sonia de La Provôté,0.2055501815098677,0.1383452990337712
19745F,0.21490119972846713,0.0869240290647947,Perrot,Évelyne,UC,UC,Aube,25,https://www.senat.fr/senateur/perrot_evelyne19745f.html,https://www.senat.fr/senimg/perrot_evelyne19745f_carre.jpg,Évelyne Perrot,0.21490119972846713,0.15412061890921047
19749K,0.17775087838687118,0.09786813164495509,Vérien,Dominique,UC,UC,Yonne,210,https://www.senat.fr/senateur/verien_dominique19749k.html,https://www.senat.fr/senimg/verien_dominique19749k_carre.jpg,Dominique Vérien,0.17775087838687118,0.17352505610807642
19758L,-0.6266368777214634,-0.09329895037284808,Brulin,Céline,CRC,CRCE-K,Seine-Maritime,37,https://www.senat.fr/senateur/brulin_celine19758l.html,https://www.senat.fr/senimg/brulin_celine19758l_carre.jpg,Céline Brulin,-0.6266368777214634,-0.16542367087384413
19760E,-0.6222256522399718,-0.0806590931596485,Apourceau-Poly,Cathy,CRC,CRCE-K,Pas-de-Calais,38,https://www.senat.fr/senateur/apourceau_poly_cathy19760e.html,https://www.senat.fr/senimg/apourceau_poly_cathy19760e_carre.jpg,Cathy Apourceau-Poly,-0.6222256522399718,-0.1430125765241995
19768N,0.686339675874066,-0.08040323484041095,Noël,Sylviane,UMP,Les Républicains,Haute-Savoie,336,https://www.senat.fr/senateur/noel_sylviane19768n.html,https://www.senat.fr/senimg/noel_sylviane19768n_carre.jpg,Sylviane Noël,0.686339675874066,-0.14255892702200526
19782L,-0.24791509241798002,0.48709213800828827,Buis,Bernard,LREM,RDPI,Drôme,80,https://www.senat.fr/senateur/buis_bernard19782l.html,https://www.senat.fr/senimg/buis_bernard19782l_carre.jpg,Bernard Buis,-0.24791509241798002,0.8636385425678871
19798U,0.6442487450972941,-0.013508836784009126,Richer,Marie-Pierre,UMP,Les Républicains,Cher,167,https://www.senat.fr/senateur/richer_marie_pierre19798u.html,https://www.senat.fr/senimg/richer_marie_pierre19798u_carre.jpg,Marie-Pierre Richer,0.6442487450972941,-0.02395183826951973
19820Y,-0.9987263063273736,0.028456944306150197,Gillé,Hervé,SOC,SER,Gironde,70,https://www.senat.fr/senateur/gille_herve19820y.html,https://www.senat.fr/senimg/gille_herve19820y_carre.jpg,Hervé Gillé,-0.9987263063273736,0.050455575010904606
19826F,0.24705195564507848,0.0861095378587162,Martin,Pascal,UC,UC,Seine-Maritime,211,https://www.senat.fr/senateur/martin_pascal19826f.html,https://www.senat.fr/senimg/martin_pascal19826f_carre.jpg,Pascal Martin,0.24705195564507848,0.15267648556509966
19866P,-0.4554049056966189,0.18103452301356482,Pantel,Guylène,RDSE,RDSE,Lozère,81,https://www.senat.fr/senateur/pantel_guylene19866p.html,https://www.senat.fr/senimg/pantel_guylene19866p_carre.jpg,Guylène Pantel,-0.4554049056966189,0.32098319683256177
19954N,0.6675832153275564,-0.04697115577134162,Belrhiti,Catherine,UMP,Les Républicains,Moselle,226,https://www.senat.fr/senateur/belrhiti_catherine19954n.html,https://www.senat.fr/senimg/belrhiti_catherine19954n_carre.jpg,Catherine Belrhiti,0.6675832153275564,-0.08328219108393906
20016T,-0.22101781516044688,0.47524925062945383,Kulimoetoke,Mikaele,LREM,RDPI,Iles Wallis et Futuna,251,https://www.senat.fr/senateur/kulimoetoke_mikaele20016t.html,https://www.senat.fr/senimg/kulimoetoke_mikaele20016t_carre.jpg,Mikaele Kulimoetoke,-0.22101781516044688,0.8426405153004501
20018V,-0.7658759560452502,0.03186113334788897,Michau,Jean-Jacques,SOC,SER,Ariège,237,https://www.senat.fr/senateur/michau_jean_jacques20018v.html,https://www.senat.fr/senimg/michau_jean_jacques20018v_carre.jpg,Jean-Jacques Michau,-0.7658759560452502,0.056491371184200306
20020P,0.6625412308983201,-0.04754029277714989,Rojouan,Bruno,UMP,Les Républicains,Allier,272,https://www.senat.fr/senateur/rojouan_bruno20020p.html,https://www.senat.fr/senimg/rojouan_bruno20020p_carre.jpg,Bruno Rojouan,0.6625412308983201,-0.08429129925026577
20022R,0.5900767175579981,-0.019018547060582206,Bellurot,Nadine,UMP,Les Républicains,Indre,132,https://www.senat.fr/senateur/bellurot_nadine20022r.html,https://www.senat.fr/senimg/bellurot_nadine20022r_carre.jpg,Nadine Bellurot,0.5900767175579981,-0.03372082812159966
20024T,0.6248745383740755,-0.009589430022846228,Belin,Bruno,UMP,Les Républicains,Vienne,278,https://www.senat.fr/senateur/belin_bruno20024t.html,https://www.senat.fr/senimg/belin_bruno20024t_carre.jpg,Bruno Belin,0.6248745383740755,-0.017002535501500406
20026V,0.5679026832362879,-0.008857069734936988,Ventalon,Anne,UMP,Les Républicains,Ardèche,227,https://www.senat.fr/senateur/ventalon_anne20026v.html,https://www.senat.fr/senimg/ventalon_anne20026v_carre.jpg,Anne Ventalon,0.5679026832362879,-0.01570402435272516
20028X,-0.8218768671867359,0.042231334265731744,Mérillou,Serge,SOC,SER,Dordogne,296,https://www.senat.fr/senateur/merillou_serge20028x.html,https://www.senat.fr/senimg/merillou_serge20028x_carre.jpg,Serge Mérillou,-0.8218768671867359,0.07487825224420523
20030R,-0.766840350097741,0.045120266003695134,Pla,Sebastien,SOC,SER,Aude,295,https://www.senat.fr/senateur/pla_sebastien20030r.html,https://www.senat.fr/senimg/pla_sebastien20030r_carre.jpg,Sebastien Pla,-0.766840350097741,0.08000047163775734
20032T,0.627202783030187,-0.01581216120238498,Anglars,Jean-Claude,UMP,Les Républicains,Aveyron,173,https://www.senat.fr/senateur/anglars_jean_claude20032t.html,https://www.senat.fr/senimg/anglars_jean_claude20032t_carre.jpg,Jean-Claude Anglars,0.627202783030187,-0.028035746812739328
20034V,0.4955587305180423,0.021751164388943957,Jacques,Micheline,UMP,Les Républicains,Saint-Barthélemy,289,https://www.senat.fr/senateur/jacques_micheline20034v.html,https://www.senat.fr/senimg/jacques_micheline20034v_carre.jpg,Micheline Jacques,0.4955587305180423,0.038565894306638225
20036X,-0.10875168999708916,-0.004995395350663424,Parigi,Paul Toussaint,UC,UC,Haute-Corse,259,https://www.senat.fr/senateur/parigi_paul_toussaint20036x.html,https://www.senat.fr/senimg/parigi_paul_toussaint20036x_carre.jpg,Paul Toussaint Parigi,-0.10875168999708916,-0.008857083955076995
20038A,0.575002132661158,-0.025456026984206303,Favreau,Gilbert,UMP,Les Républicains,Deux-Sèvres,285,https://www.senat.fr/senateur/favreau_gilbert20038a.html,https://www.senat.fr/senimg/favreau_gilbert20038a_carre.jpg,Gilbert Favreau,0.575002132661158,-0.04513479961738707
20040T,0.21814943227538972,0.0808409693166557,Duffourg,Alain,UC,UC,Gers,267,https://www.senat.fr/senateur/duffourg_alain20040t.html,https://www.senat.fr/senimg/duffourg_alain20040t_carre.jpg,Alain Duffourg,0.21814943227538972,0.143335051979886
20042V,0.23781872575895277,0.07932940271517656,Bonneau,François,UC,UC,Charente,265,https://www.senat.fr/senateur/bonneau_francois20042v.html,https://www.senat.fr/senimg/bonneau_francois20042v_carre.jpg,François Bonneau,0.23781872575895277,0.14065496935314994
20044X,0.5582734836426986,-0.013794635446492712,Sautarel,Stéphane,UMP,Les Républicains,Cantal,134,https://www.senat.fr/senateur/sautarel_stephane20044x.html,https://www.senat.fr/senimg/sautarel_stephane20044x_carre.jpg,Stéphane Sautarel,0.5582734836426986,-0.024458573486689207
20046A,-0.6103786686808009,-0.06980739036737053,Varaillas,Marie-Claude,CRC,CRCE-K,Dordogne,68,https://www.senat.fr/senateur/varaillas_marie_claude20046a.html,https://www.senat.fr/senimg/varaillas_marie_claude20046a_carre.jpg,Marie-Claude Varaillas,-0.6103786686808009,-0.1237719687364726
20048C,0.23217461001441378,0.07770114234821186,Hingray,Jean,UC,UC,Vosges,316,https://www.senat.fr/senateur/hingray_jean20048c.html,https://www.senat.fr/senimg/hingray_jean20048c_carre.jpg,Jean Hingray,0.23217461001441378,0.13776798288690048
20050V,0.09639196300868177,0.1500276603467912,Paoli-Gagin,Vanina,RTLI,Les Indépendants,Aube,203,https://www.senat.fr/senateur/paoli_gagin_vanina20050v.html,https://www.senat.fr/senimg/paoli_gagin_vanina20050v_carre.jpg,Vanina Paoli-Gagin,0.09639196300868177,0.26600648997658016
20052X,0.20959717393246738,0.07393241176158577,Levi,Pierre-Antoine,UC,UC,Tarn-et-Garonne,315,https://www.senat.fr/senateur/levi_pierre_antoine20052x.html,https://www.senat.fr/senimg/levi_pierre_antoine20052x_carre.jpg,Pierre-Antoine Levi,0.20959717393246738,0.13108583645671237
20054A,0.5734479205209896,0.021658779698833047,Rietmann,Olivier,UMP,Les Républicains,Haute-Saône,340,https://www.senat.fr/senateur/rietmann_olivier20054a.html,https://www.senat.fr/senimg/rietmann_olivier20054a_carre.jpg,Olivier Rietmann,0.5734479205209896,0.038402091664597605
20056C,0.6847995776320923,-0.026817547436144864,Joseph,Else,UMP,Les Républicains,Ardennes,283,https://www.senat.fr/senateur/joseph_else20056c.html,https://www.senat.fr/senimg/joseph_else20056c_carre.jpg,Else Joseph,0.6847995776320923,-0.047548842971888064
20058E,0.5380654668515826,-0.011086229057000309,Vial,Cédric,UMP,Les Républicains,Savoie,348,https://www.senat.fr/senateur/vial_cedric20058e.html,https://www.senat.fr/senimg/vial_cedric20058e_carre.jpg,Cédric Vial,0.5380654668515826,-0.019656434498227498
20060X,-0.7648631133483504,0.04060524799718488,Cardon,Rémi,SOC,SER,Somme,186,https://www.senat.fr/senateur/cardon_remi20060x.html,https://www.senat.fr/senimg/cardon_remi20060x_carre.jpg,Rémi Cardon,-0.7648631133483504,0.07199512056238455
20062A,0.6875855311380574,-0.022448702790891978,Somon,Laurent,UMP,Les Républicains,Somme,91,https://www.senat.fr/senateur/somon_laurent20062a.html,https://www.senat.fr/senimg/somon_laurent20062a_carre.jpg,Laurent Somon,0.6875855311380574,-0.03980266452285812
20064C,-0.8461624333335706,0.048116339076140144,Vallet,Mickaël,SOC,SER,Charente-Maritime,16,https://www.senat.fr/senateur/vallet_mickael20064c.html,https://www.senat.fr/senimg/vallet_mickael20064c_carre.jpg,Mickaël Vallet,-0.8461624333335706,0.0853126579364187
20066E,0.20017783534306408,0.09255333657857033,Jacquemet,Annick,UC,UC,Doubs,86,https://www.senat.fr/senateur/jacquemet_annick20066e.html,https://www.senat.fr/senimg/jacquemet_annick20066e_carre.jpg,Annick Jacquemet,0.20017783534306408,0.164101660600302
20068G,0.7121869887604821,-0.026891540789361554,Gueret,Daniel,UMP,Les Républicains,Eure-et-Loir,345,https://www.senat.fr/senateur/gueret_daniel20068g.html,https://www.senat.fr/senimg/gueret_daniel20068g_carre.jpg,Daniel Gueret,0.7121869887604821,-0.04768003686057014
20070A,-0.802479515967897,0.0408137182428476,Cozic,Thierry,SOC,SER,Sarthe,40,https://www.senat.fr/senateur/cozic_thierry20070a.html,https://www.senat.fr/senimg/cozic_thierry20070a_carre.jpg,Thierry Cozic,-0.802479515967897,0.07236474865753122
20072C,-0.46160721682169314,0.19489999172779784,Guiol,André,RDSE,RDSE,Var,82,https://www.senat.fr/senateur/guiol_andre20072c.html,https://www.senat.fr/senimg/guiol_andre20072c_carre.jpg,André Guiol,-0.46160721682169314,0.34556736121949977
20074E,0.7487899821195505,-0.02066320342485751,Dumont,Françoise,UMP,Les Républicains,Var,65,https://www.senat.fr/senateur/dumont_francoise20074e.html,https://www.senat.fr/senimg/dumont_francoise20074e_carre.jpg,Françoise Dumont,0.7487899821195505,-0.03663688550506651
20076G,0.7048982578849015,-0.0157234200869442,Bacci,Jean,UMP,Les Républicains,Var,66,https://www.senat.fr/senateur/bacci_jean20076g.html,https://www.senat.fr/senimg/bacci_jean20076g_carre.jpg,Jean Bacci,0.7048982578849015,-0.027878404409475532
20078J,0.6384716208777559,0.01191841630174742,Bonnus,Michel,UMP,Les Républicains,Var,64,https://www.senat.fr/senateur/bonnus_michel20078j.html,https://www.senat.fr/senimg/bonnus_michel20078j_carre.jpg,Michel Bonnus,0.6384716208777559,0.021131943797424505
20080C,-0.8983113332998599,0.03794228515627157,Briquet,Isabelle,SOC,SER,Haute-Vienne,106,https://www.senat.fr/senateur/briquet_isabelle20080c.html,https://www.senat.fr/senimg/briquet_isabelle20080c_carre.jpg,Isabelle Briquet,-0.8983113332998599,0.06727355524161627
20082E,-0.8320111914594368,0.04357109659072878,Redon-Sarrazy,Christian,SOC,SER,Haute-Vienne,238,https://www.senat.fr/senateur/redon_sarrazy_christian20082e.html,https://www.senat.fr/senimg/redon_sarrazy_christian20082e_carre.jpg,Christian Redon-Sarrazy,-0.8320111914594368,0.0772537173594482
20084G,-0.8249339096406486,0.05088109839435374,Stanzione,Lucien,SOC,SER,Vaucluse,110,https://www.senat.fr/senateur/stanzione_lucien20084g.html,https://www.senat.fr/senimg/stanzione_lucien20084g_carre.jpg,Lucien Stanzione,-0.8249339096406486,0.09021471346516621
20086J,0.5082929333733294,0.009735761605917739,Blanc,Jean-Baptiste,UMP,Les Républicains,Vaucluse,215,https://www.senat.fr/senateur/blanc_jean_baptiste20086j.html,https://www.senat.fr/senimg/blanc_jean_baptiste20086j_carre.jpg,Jean-Baptiste Blanc,0.5082929333733294,0.017261988662974716
20088L,-0.8975295020836173,0.06829832569770289,Bouad,Denis,SOC,SER,Gard,294,https://www.senat.fr/senateur/bouad_denis20088l.html,https://www.senat.fr/senimg/bouad_denis20088l_carre.jpg,Denis Bouad,-0.8975295020836173,0.12109632215904768
20090E,0.6077905656144924,-0.018375928239983,Burgoa,Laurent,UMP,Les Républicains,Gard,171,https://www.senat.fr/senateur/burgoa_laurent20090e.html,https://www.senat.fr/senimg/burgoa_laurent20090e_carre.jpg,Laurent Burgoa,0.6077905656144924,-0.03258143304961525
20092G,-0.6441155698224961,-0.044172827010439016,Salmon,Daniel,GEST,GEST,Ille-et-Vilaine,304,https://www.senat.fr/senateur/salmon_daniel20092g.html,https://www.senat.fr/senimg/salmon_daniel20092g_carre.jpg,Daniel Salmon,-0.6441155698224961,-0.07832061526673585
20094J,-0.9418846382268322,0.0470562685940936,Blatrix Contat,Florence,SOC,SER,Ain,189,https://www.senat.fr/senateur/blatrix_contat_florence20094j.html,https://www.senat.fr/senimg/blatrix_contat_florence20094j_carre.jpg,Florence Blatrix Contat,-0.9418846382268322,0.08343310034413759
20096L,0.6698757449077113,-0.07019458440111762,Muller-Bronn,Laurence,UMP,Les Républicains,Bas-Rhin,229,https://www.senat.fr/senateur/muller_bronn_laurence20096l.html,https://www.senat.fr/senimg/muller_bronn_laurence20096l_carre.jpg,Laurence Muller-Bronn,0.6698757449077113,-0.12445848298070501
20098N,0.616107381514474,0.01140532663739599,Schalck,Elsa,UMP,Les Républicains,Bas-Rhin,135,https://www.senat.fr/senateur/schalck_elsa20098n.html,https://www.senat.fr/senimg/schalck_elsa20098n_carre.jpg,Elsa Schalck,0.616107381514474,0.020222210349992893
20100N,-0.6637996323889145,-0.037961664338728635,Fernique,Jacques,GEST,GEST,Bas-Rhin,303,https://www.senat.fr/senateur/fernique_jacques20100n.html,https://www.senat.fr/senimg/fernique_jacques20100n_carre.jpg,Jacques Fernique,-0.6637996323889145,-0.06730791549419972
20102Q,-0.6127646306638213,-0.09968385827294497,Lahellec,Gérard,CRC,CRCE-K,Côtes-d'Armor,234,https://www.senat.fr/senateur/lahellec_gerard20102q.html,https://www.senat.fr/senimg/lahellec_gerard20102q_carre.jpg,Gérard Lahellec,-0.6127646306638213,-0.17674442956195918
20104S,0.6020556105998399,-0.011851676373594328,Cadec,Alain,UMP,Les Républicains,Côtes-d'Armor,281,https://www.senat.fr/senateur/cadec_alain20104s.html,https://www.senat.fr/senimg/cadec_alain20104s_carre.jpg,Alain Cadec,0.6020556105998399,-0.021013610591479305
20106U,-0.2351009393047225,0.4433790305067066,Havet,Nadège,LREM,RDPI,Finistère,79,https://www.senat.fr/senateur/havet_nadege20106u.html,https://www.senat.fr/senimg/havet_nadege20106u_carre.jpg,Nadège Havet,-0.2351009393047225,0.7861330328133096
20108W,0.6880064736067857,-0.028145780745466458,Le Rudulier,Stéphane,UMP,Les Républicains,Bouches-du-Rhône,280,https://www.senat.fr/senateur/le_rudulier_stephane20108w.html,https://www.senat.fr/senimg/le_rudulier_stephane20108w_carre.jpg,Stéphane Le Rudulier,0.6880064736067857,-0.049903866569975995
20110Q,-0.6556326573720801,-0.0500810676275241,Benarroche,Guy,GEST,GEST,Bouches-du-Rhône,247,https://www.senat.fr/senateur/benarroche_guy20110q.html,https://www.senat.fr/senimg/benarroche_guy20110q_carre.jpg,Guy Benarroche,-0.6556326573720801,-0.08879621919773778
20112S,-0.6353714896837499,-0.06983133354707521,Bacchi,Jérémy,CRC,CRCE-K,Bouches-du-Rhône,236,https://www.senat.fr/senateur/bacchi_jeremy20112s.html,https://www.senat.fr/senimg/bacchi_jeremy20112s_carre.jpg,Jérémy Bacchi,-0.6353714896837499,-0.12381442118275748
20114U,-0.782283231163752,0.05417103520814164,Bourgi,Hussein,SOC,SER,Hérault,111,https://www.senat.fr/senateur/bourgi_hussein20114u.html,https://www.senat.fr/senimg/bourgi_hussein20114u_carre.jpg,Hussein Bourgi,-0.782283231163752,0.0960479347662086
20116W,-0.4198908482051631,0.16519906509709045,Bilhac,Christian,RDSE,RDSE,Hérault,49,https://www.senat.fr/senateur/bilhac_christian20116w.html,https://www.senat.fr/senimg/bilhac_christian20116w_carre.jpg,Christian Bilhac,-0.4198908482051631,0.2929061437891675
20118Y,0.8291641100641426,-0.07484493658679074,Pluchet,Kristina,UMP,Les Républicains,Eure,170,https://www.senat.fr/senateur/pluchet_kristina20118y.html,https://www.senat.fr/senimg/pluchet_kristina20118y_carre.jpg,Kristina Pluchet,0.8291641100641426,-0.13270378827445167
20120S,0.4231628081442646,0.01677035773275977,Genet,Fabien,UMP,Les Républicains,Saône-et-Loire,216,https://www.senat.fr/senateur/genet_fabien20120s.html,https://www.senat.fr/senimg/genet_fabien20120s_carre.jpg,Fabien Genet,0.4231628081442646,0.029734676831134343
20122U,0.08181266278932654,0.13865433260048218,Verzelen,Pierre-Jean,RTLI,Les Indépendants,Aisne,158,https://www.senat.fr/senateur/verzelen_pierre_jean20122u.html,https://www.senat.fr/senimg/verzelen_pierre_jean20122u_carre.jpg,Pierre-Jean Verzelen,0.08181266278932654,0.2458410152490819
20124W,0.7177469768451097,-0.021723979982803027,Drexler,Sabine,UMP,Les Républicains,Haut-Rhin,329,https://www.senat.fr/senateur/drexler_sabine20124w.html,https://www.senat.fr/senimg/drexler_sabine20124w_carre.jpg,Sabine Drexler,0.7177469768451097,-0.03851769500496991
20126Y,0.7666043183406888,-0.016215471133842533,Klinger,Christian,UMP,Les Républicains,Haut-Rhin,328,https://www.senat.fr/senateur/klinger_christian20126y.html,https://www.senat.fr/senimg/klinger_christian20126y_carre.jpg,Christian Klinger,0.7666043183406888,-0.028750835343692435
20128B,0.0393836224170293,0.22232605624995552,Haye,Ludovic,UC,UC,Haut-Rhin,205,https://www.senat.fr/senateur/haye_ludovic20128b.html,https://www.senat.fr/senimg/haye_ludovic20128b_carre.jpg,Ludovic Haye,0.0393836224170293,0.39419513519495664
20130U,-0.6581267630613872,-0.05880920182514456,Poncet Monge,Raymonde,GEST,GEST,Rhône,306,https://www.senat.fr/senateur/poncet_monge_raymonde20130u.html,https://www.senat.fr/senimg/poncet_monge_raymonde20130u_carre.jpg,Raymonde Poncet Monge,-0.6581267630613872,-0.10427163444174568
20132W,-0.32652961413010667,0.19208296507986694,Fialaire,Bernard,RDSE,RDSE,Rhône,51,https://www.senat.fr/senateur/fialaire_bernard20132w.html,https://www.senat.fr/senimg/fialaire_bernard20132w_carre.jpg,Bernard Fialaire,-0.32652961413010667,0.3405726331203315
20134Y,-0.6614485919547974,-0.04749190303529422,Dossus,Thomas,GEST,GEST,Rhône,197,https://www.senat.fr/senateur/dossus_thomas20134y.html,https://www.senat.fr/senimg/dossus_thomas20134y_carre.jpg,Thomas Dossus,-0.6614485919547974,-0.08420550183562805
20138D,0.631878899605521,-0.012039991748102852,Borchio Fontimp,Alexandra,UMP,Les Républicains,Alpes-Maritimes,223,https://www.senat.fr/senateur/borchio_fontimp_alexandra20138d.html,https://www.senat.fr/senimg/borchio_fontimp_alexandra20138d_carre.jpg,Alexandra Borchio Fontimp,0.631878899605521,-0.021347503099473145
20140W,0.5801741218362977,-0.013837987404638067,Demas,Patricia,UMP,Les Républicains,Alpes-Maritimes,286,https://www.senat.fr/senateur/demas_patricia20140w.html,https://www.senat.fr/senimg/demas_patricia20140w_carre.jpg,Patricia Demas,0.5801741218362977,-0.024535438660705795
20142Y,-0.6644351153578054,-0.05879241618185984,de Marco,Monique,GEST,GEST,Gironde,307,https://www.senat.fr/senateur/de_marco_monique20142y.html,https://www.senat.fr/senimg/de_marco_monique20142y_carre.jpg,Monique de Marco,-0.6644351153578054,-0.10424187266287206
20144B,0.24921774545598716,0.09102323226226873,Chauvet,Patrick,UC,UC,Seine-Maritime,161,https://www.senat.fr/senateur/chauvet_patrick20144b.html,https://www.senat.fr/senimg/chauvet_patrick20144b_carre.jpg,Patrick Chauvet,0.24921774545598716,0.16138870968487365
20146D,-0.2648015275076541,0.4287354835199555,Phinera-Horth,Marie-Laure,LREM,RDPI,Guyane,152,https://www.senat.fr/senateur/phinera_horth_marie_laure20146d.html,https://www.senat.fr/senimg/phinera_horth_marie_laure20146d_carre.jpg,Marie-Laure Phinera-Horth,-0.2648015275076541,0.7601692970211977
20148F,0.539894259903584,-0.003978982540653921,Petrus,Annick,UMP,Les Républicains,Saint-Martin,279,https://www.senat.fr/senateur/petrus_annick20148f.html,https://www.senat.fr/senimg/petrus_annick20148f_carre.jpg,Annick Petrus,0.539894259903584,-0.007054933582719719
20150Y,-0.25635718081427855,0.4895530442617114,Rohfritsch,Teva,LREM,RDPI,Polynésie française,153,https://www.senat.fr/senateur/rohfritsch_teva20150y.html,https://www.senat.fr/senimg/rohfritsch_teva20150y_carre.jpg,Teva Rohfritsch,-0.25635718081427855,0.8680018515278572
20172F,0.7780836693067386,-0.05732184471325411,Garnier,Laurence,UMP,Les Républicains,Loire-Atlantique,273,https://www.senat.fr/senateur/garnier_laurence20172f.html,https://www.senat.fr/senimg/garnier_laurence20172f_carre.jpg,Laurence Garnier,0.7780836693067386,-0.10163447644193993
20180F,0.7491425143842776,-0.03418619012497147,Gosselin,Béatrice,UMP,Les Républicains,Manche,228,https://www.senat.fr/senateur/gosselin_beatrice20180f.html,https://www.senat.fr/senimg/gosselin_beatrice20180f_carre.jpg,Béatrice Gosselin,0.7491425143842776,-0.06061381227831821
20248J,0.2052504959627246,0.0603285132524163,Devésa,Brigitte,UC,UC,Bouches-du-Rhône,268,https://www.senat.fr/senateur/devesa_brigitte20248j.html,https://www.senat.fr/senimg/devesa_brigitte20248j_carre.jpg,Brigitte Devésa,0.2052504959627246,0.10696544902910693
20252E,0.6692615485764425,-0.010104230344911338,Meignen,Thierry,UMP,Les Républicains,Seine-Saint-Denis,219,https://www.senat.fr/senateur/meignen_thierry20252e.html,https://www.senat.fr/senimg/meignen_thierry20252e_carre.jpg,Thierry Meignen,0.6692615485764425,-0.017915302029984644
20264J,-0.8386139187276904,0.0445295782244625,Chantrel,Yan,SOC,SER,Français établis hors de France (Série 2),300,https://www.senat.fr/senateur/chantrel_yan20264j.html,https://www.senat.fr/senimg/chantrel_yan20264j_carre.jpg,Yan Chantrel,-0.8386139187276904,0.07895315288025266
20266L,-0.6744417129951862,-0.05872866848768751,Vogel,Mélanie,GEST,GEST,Français établis hors de France (Série 2),249,https://www.senat.fr/senateur/vogel_melanie20266l.html,https://www.senat.fr/senimg/vogel_melanie20266l_carre.jpg,Mélanie Vogel,-0.6744417129951862,-0.10412884483632538
20286Q,0.21382749785360633,0.08486941761522612,Gacquerre,Amel,UC,UC,Pas-de-Calais,6,https://www.senat.fr/senateur/gacquerre_amel20286q.html,https://www.senat.fr/senimg/gacquerre_amel20286q_carre.jpg,Amel Gacquerre,0.21382749785360633,0.15047769080713852
21029D,0.7534156875149538,-0.065943805114515,Naturel,Georges,UMP,Les Républicains,Nouvelle-Calédonie,180,https://www.senat.fr/senateur/naturel_georges21029d.html,https://www.senat.fr/senimg/naturel_georges21029d_carre.jpg,Georges Naturel,0.7534156875149538,-0.11692164027396279
21030V,-0.619450083969187,-0.08928278625610792,Xowie,Robert Wienie,CRC,CRCE-K,Nouvelle-Calédonie,185,https://www.senat.fr/senateur/xowie_robert_wienie21030v.html,https://www.senat.fr/senimg/xowie_robert_wienie21030v_carre.jpg,Robert Wienie Xowie,-0.619450083969187,-0.15830281251082964
21031W,-0.790247206089362,0.07060737613397702,Vayssouze-Faure,Jean-Marc,SOC,SER,Lot,150,https://www.senat.fr/senateur/vayssouze_faure_jean_marc21031w.html,https://www.senat.fr/senimg/vayssouze_faure_jean_marc21031w_carre.jpg,Jean-Marc Vayssouze-Faure,-0.790247206089362,0.12519038321627132
21032X,-0.44717297366514375,0.1987992521385834,Girardin,Annick,RDSE,RDSE,Saint-Pierre-et-Miquelon,50,https://www.senat.fr/senateur/girardin_annick21032x.html,https://www.senat.fr/senimg/girardin_annick21032x_carre.jpg,Annick Girardin,-0.44717297366514375,0.35248094350812664
21033Y,-0.20039753279196934,0.45274109254005046,Fouassin,Stéphane,LREM,RDPI,La Réunion,252,https://www.senat.fr/senateur/fouassin_stephane21033y.html,https://www.senat.fr/senimg/fouassin_stephane21033y_carre.jpg,Stéphane Fouassin,-0.20039753279196934,0.8027324335816498
21034A,-0.6837087919385042,-0.12715300674383323,Corbière Naminzo,Evelyne,CRC,CRCE-K,La Réunion,141,https://www.senat.fr/senateur/corbiere_naminzo_evelyne21034a.html,https://www.senat.fr/senimg/corbiere_naminzo_evelyne21034a_carre.jpg,Evelyne Corbière Naminzo,-0.6837087919385042,-0.22544859351743482
21035B,-0.8048375552271572,0.07096443376187109,Bélim,Audrey,SOC,SER,La Réunion,301,https://www.senat.fr/senateur/belim_audrey21035b.html,https://www.senat.fr/senimg/belim_audrey21035b_carre.jpg,Audrey Bélim,-0.8048375552271572,0.1258234641167927
21036C,0.48690291915839556,0.01861843698193125,Ruelle,Jean-Luc,UMP,Les Républicains,Français établis hors de France (Série 1),334,https://www.senat.fr/senateur/ruelle_jean_luc21036c.html,https://www.senat.fr/senimg/ruelle_jean_luc21036c_carre.jpg,Jean-Luc Ruelle,0.48690291915839556,0.03301141308853059
21037D,-0.7146422873722927,-0.05656646620025185,Ollivier,Mathilde,GEST,GEST,Français établis hors de France (Série 1),194,https://www.senat.fr/senateur/ollivier_mathilde21037d.html,https://www.senat.fr/senimg/ollivier_mathilde21037d_carre.jpg,Mathilde Ollivier,-0.7146422873722927,-0.10029515283732598
21038E,0.09025612824967323,0.1211099048578591,Richard,Olivia,UC,UC,Français établis hors de France (Série 1),164,https://www.senat.fr/senateur/richard_olivia21038e.html,https://www.senat.fr/senimg/richard_olivia21038e_carre.jpg,Olivia Richard,0.09025612824967323,0.21473387386145232
21039F,0.4307739745165129,-0.002322408329371004,Nédélec,Anne-Marie,UMP,Les Républicains,Haute-Marne,287,https://www.senat.fr/senateur/nedelec_anne_marie21039f.html,https://www.senat.fr/senimg/nedelec_anne_marie21039f_carre.jpg,Anne-Marie Nédélec,0.4307739745165129,-0.004117745264842206
21040X,-0.46648335634487953,0.19870266855981467,Masset,Michel,RDSE,RDSE,Lot-et-Garonne,24,https://www.senat.fr/senateur/masset_michel21040x.html,https://www.senat.fr/senimg/masset_michel21040x_carre.jpg,Michel Masset,-0.46648335634487953,0.35230969602804024
21041Y,-0.44146300542598055,0.1843347176771308,Daubet,Raphaël,RDSE,RDSE,Lot,119,https://www.senat.fr/senateur/daubet_raphael21041y.html,https://www.senat.fr/senimg/daubet_raphael21041y_carre.jpg,Raphaël Daubet,-0.44146300542598055,0.32683460581051565
21042A,0.10630632034930598,0.09329305205074664,Antoine,Jocelyne,UC,UC,Meuse,212,https://www.senat.fr/senateur/antoine_jocelyne21042a.html,https://www.senat.fr/senimg/antoine_jocelyne21042a_carre.jpg,Jocelyne Antoine,0.10630632034930598,0.16541321285593377
21043B,0.08083465076980517,0.19019960446320386,Bitz,Olivier,UC,UC,Orne,323,https://www.senat.fr/senateur/bitz_olivier21043b.html,https://www.senat.fr/senimg/bitz_olivier21043b_carre.jpg,Olivier Bitz,0.08083465076980517,0.33723334124681537
21044C,0.6199004612177913,-0.03408250766179173,Josende,Lauriane,UMP,Les Républicains,Pyrénées-Orientales,90,https://www.senat.fr/senateur/josende_lauriane21044c.html,https://www.senat.fr/senimg/josende_lauriane21044c_carre.jpg,Lauriane Josende,0.6199004612177913,-0.06042997812374421
21045D,-0.7062753582287156,0.030353004599824557,Canalès,Marion,SOC,SER,Puy-de-Dôme,239,https://www.senat.fr/senateur/canales_marion21045d.html,https://www.senat.fr/senimg/canales_marion21045d_carre.jpg,Marion Canalès,-0.7062753582287156,0.05381738404224213
21046E,0.11016893846060952,0.12200593484927678,Bourcier,Corinne,RTLI,Les Indépendants,Maine-et-Loire,253,https://www.senat.fr/senateur/bourcier_corinne21046e.html,https://www.senat.fr/senimg/bourcier_corinne21046e_carre.jpg,Corinne Bourcier,0.11016893846060952,0.2163225795199943
21047F,0.7226117326519994,-0.04555692380523216,Pernot,Clément,UMP,Les Républicains,Jura,288,https://www.senat.fr/senateur/pernot_clement21047f.html,https://www.senat.fr/senimg/pernot_clement21047f_carre.jpg,Clément Pernot,0.7226117326519994,-0.08077468759792937
21048G,-0.6880820194326589,-0.04841482086899516,Blanc,Grégory,GEST,GEST,Maine-et-Loire,198,https://www.senat.fr/senateur/blanc_gregory21048g.html,https://www.senat.fr/senimg/blanc_gregory21048g_carre.jpg,Grégory Blanc,-0.6880820194326589,-0.08584188097339568
21049H,-0.6973204214519696,-0.14738154825897454,Silvani,Silvana,CRC,CRCE-K,Meurthe-et-Moselle,105,https://www.senat.fr/senateur/silvani_silvana21049h.html,https://www.senat.fr/senimg/silvani_silvana21049h_carre.jpg,Silvana Silvani,-0.6973204214519696,-0.26131480187761447
21050A,0.24142524722163586,0.0882795182294809,Bleunven,Yves,UC,UC,Morbihan,55,https://www.senat.fr/senateur/bleunven_yves21050a.html,https://www.senat.fr/senimg/bleunven_yves21050a_carre.jpg,Yves Bleunven,0.24142524722163586,0.1565239684919874
21051B,-0.7964940992896179,0.0630041440244204,Uzenat,Simon,SOC,SER,Morbihan,149,https://www.senat.fr/senateur/uzenat_simon21051b.html,https://www.senat.fr/senimg/uzenat_simon21051b_carre.jpg,Simon Uzenat,-0.7964940992896179,0.11170947522060354
21052C,0.10898971538678236,0.12338827546240533,Brault,Jean-Luc,RTLI,Les Indépendants,Loir-et-Cher,157,https://www.senat.fr/senateur/brault_jean_luc21052c.html,https://www.senat.fr/senimg/brault_jean_luc21052c_carre.jpg,Jean-Luc Brault,0.10898971538678236,0.21877353805391017
21053D,0.13544038428303656,0.0779488351400269,Pillefer,Bernard,UC,UC,Loir-et-Cher,213,https://www.senat.fr/senateur/pillefer_bernard21053d.html,https://www.senat.fr/senimg/pillefer_bernard21053d_carre.jpg,Bernard Pillefer,0.13544038428303656,0.1382071545035938
21054E,0.12415448812328889,0.1149330477739583,Louault,Vincent,RTLI,Les Indépendants,Indre-et-Loire,257,https://www.senat.fr/senateur/louault_vincent21054e.html,https://www.senat.fr/senimg/louault_vincent21054e_carre.jpg,Vincent Louault,0.12415448812328889,0.20378199959921686
21055F,0.6122739566490712,-0.02533675376190583,Paumier,Jean-Gérard,UMP,Les Républicains,Indre-et-Loire,182,https://www.senat.fr/senateur/paumier_jean_gerard21055f.html,https://www.senat.fr/senimg/paumier_jean_gerard21055f_carre.jpg,Jean-Gérard Paumier,0.6122739566490712,-0.04492332227288268
21056G,-0.8453207252907218,0.0462089065559714,Roiron,Pierre-Alain,SOC,SER,Indre-et-Loire,193,https://www.senat.fr/senateur/roiron_pierre_alain21056g.html,https://www.senat.fr/senimg/roiron_pierre_alain21056g_carre.jpg,Pierre-Alain Roiron,-0.8453207252907218,0.08193068538292803
21057H,-0.7113703280053794,0.049647091696741405,Chaillou,Christophe,SOC,SER,Loiret,143,https://www.senat.fr/senateur/chaillou_christophe21057h.html,https://www.senat.fr/senimg/chaillou_christophe21057h_carre.jpg,Christophe Chaillou,-0.7113703280053794,0.08802675832755569
21058J,0.5848962863193965,-0.015045784779989283,Martin,Pauline,UMP,Les Républicains,Loiret,230,https://www.senat.fr/senateur/martin_pauline21058j.html,https://www.senat.fr/senimg/martin_pauline21058j_carre.jpg,Pauline Martin,0.5848962863193965,-0.026676923368775328
21059K,-0.8415555248419012,0.06521839787216373,Ros,David,SOC,SER,Essonne,245,https://www.senat.fr/senateur/ros_david21059k.html,https://www.senat.fr/senimg/ros_david21059k_carre.jpg,David Ros,-0.8415555248419012,0.11563545722014847
21060C,-0.7732261346936403,0.043766364640552426,Ouizille,Alexandre,SOC,SER,Oise,107,https://www.senat.fr/senateur/ouizille_alexandre21060c.html,https://www.senat.fr/senimg/ouizille_alexandre21060c_carre.jpg,Alexandre Ouizille,-0.7732261346936403,0.07759993730594403
21061D,0.7056256050549617,-0.010623052927299832,Valente Le Hir,Sylvie,UMP,Les Républicains,Oise,100,https://www.senat.fr/senateur/valente_le_hir_sylvie21061d.html,https://www.senat.fr/senimg/valente_le_hir_sylvie21061d_carre.jpg,Sylvie Valente Le Hir,0.7056256050549617,-0.018835200225708924
21062E,-0.8245258735828495,0.06390218786549078,Fagnen,Sébastien,SOC,SER,Manche,144,https://www.senat.fr/senateur/fagnen_sebastien21062e.html,https://www.senat.fr/senimg/fagnen_sebastien21062e_carre.jpg,Sébastien Fagnen,-0.8245258735828495,0.11330175153455811
21063F,0.6179993410532162,-0.010461902270900787,Bruyen,Christian,UMP,Les Républicains,Marne,346,https://www.senat.fr/senateur/bruyen_christian21063f.html,https://www.senat.fr/senimg/bruyen_christian21063f_carre.jpg,Christian Bruyen,0.6179993410532162,-0.01854947211152622
21064G,0.24813103478207538,0.09186475457243792,Romagny,Anne-Sophie,UC,UC,Marne,125,https://www.senat.fr/senateur/romagny_anne_sophie21064g.html,https://www.senat.fr/senimg/romagny_anne_sophie21064g_carre.jpg,Anne-Sophie Romagny,0.24813103478207538,0.16288077051850697
21065H,0.0977450694002175,0.1192878363421657,Chevalier,Cédric,RTLI,Les Indépendants,Marne,155,https://www.senat.fr/senateur/chevalier_cedric21065h.html,https://www.senat.fr/senimg/chevalier_cedric21065h_carre.jpg,Cédric Chevalier,0.0977450694002175,0.21150325592582575
21066J,-0.5207520018320985,0.1947074145256675,Grosvalet,Philippe,RDSE,RDSE,Loire-Atlantique,23,https://www.senat.fr/senateur/grosvalet_philippe21066j.html,https://www.senat.fr/senimg/grosvalet_philippe21066j_carre.jpg,Philippe Grosvalet,-0.5207520018320985,0.34522591227955235
21067K,-0.7295815671704783,0.03828374789969736,Darras,Jérôme,SOC,SER,Pas-de-Calais,292,https://www.senat.fr/senateur/darras_jerome21067k.html,https://www.senat.fr/senimg/darras_jerome21067k_carre.jpg,Jérôme Darras,-0.7295815671704783,0.06787898563776128
21068L,0.8173145381753715,-0.07292616042960534,Reynaud,Hervé,UMP,Les Républicains,Loire,231,https://www.senat.fr/senateur/reynaud_herve21068l.html,https://www.senat.fr/senimg/reynaud_herve21068l_carre.jpg,Hervé Reynaud,0.8173145381753715,-0.12930170288937118
21069M,-0.10011933994275878,0.009906086895766648,Szczurek,Christopher,NI,NI,Pas-de-Calais,270,https://www.senat.fr/senateur/szczurek_christopher21069m.html,https://www.senat.fr/senimg/szczurek_christopher21069m_carre.jpg,Christopher Szczurek,-0.10011933994275878,0.017563983857742285
21070E,0.1007411330287232,0.1314064711293159,Rochette,Pierre Jean,RTLI,Les Indépendants,Loire,201,https://www.senat.fr/senateur/rochette_pierre_jean21070e.html,https://www.senat.fr/senimg/rochette_pierre_jean21070e_carre.jpg,Pierre Jean Rochette,0.1007411330287232,0.23299019703779417
21071F,0.6950947044220194,-0.036560184151883626,Aeschlimann,Marie-Do,UMP,Les Républicains,Hauts-de-Seine,138,https://www.senat.fr/senateur/aeschlimann_marie_do21071f.html,https://www.senat.fr/senimg/aeschlimann_marie_do21071f_carre.jpg,Marie-Do Aeschlimann,0.6950947044220194,-0.06482302154589296
21072G,0.7348345409850917,-0.026627221467354932,Ciuntu,Marie-Carole,UMP,Les Républicains,Val-de-Marne,137,https://www.senat.fr/senateur/ciuntu_marie_carole21072g.html,https://www.senat.fr/senimg/ciuntu_marie_carole21072g_carre.jpg,Marie-Carole Ciuntu,0.7348345409850917,-0.04721138558041655
21073H,-0.6996330372886408,-0.06559296266954041,Mellouli,Akli,GEST,GEST,Val-de-Marne,308,https://www.senat.fr/senateur/mellouli_akli21073h.html,https://www.senat.fr/senimg/mellouli_akli21073h_carre.jpg,Akli Mellouli,-0.6996330372886408,-0.1162995792013128
21074J,-0.09539067831106655,0.011652589630157454,Durox,Aymeric,NI,NI,Seine-et-Marne,269,https://www.senat.fr/senateur/durox_aymeric21074j.html,https://www.senat.fr/senimg/durox_aymeric21074j_carre.jpg,Aymeric Durox,-0.09539067831106655,0.020660619911626692
21075K,-0.6669885033701752,-0.1068864593782761,Margaté,Marianne,CRC,CRCE-K,Seine-et-Marne,15,https://www.senat.fr/senateur/margate_marianne21075k.html,https://www.senat.fr/senimg/margate_marianne21075k_carre.jpg,Marianne Margaté,-0.6669885033701752,-0.18951499889765266
21076L,0.1280244151348845,0.13314569822099936,Vogel,Louis,RTLI,Les Indépendants,Seine-et-Marne,204,https://www.senat.fr/senateur/vogel_louis21076l.html,https://www.senat.fr/senimg/vogel_louis21076l_carre.jpg,Louis Vogel,0.1280244151348845,0.23607393301595633
21077M,-0.8778028528615593,0.05002794379242395,Ziane,Adel,SOC,SER,Seine-Saint-Denis,188,https://www.senat.fr/senateur/ziane_adel21077m.html,https://www.senat.fr/senimg/ziane_adel21077m_carre.jpg,Adel Ziane,-0.8778028528615593,0.08870202800075169
21078N,-0.5256631106991696,0.1922034133663753,Laouedj,Ahmed,RDSE,RDSE,Seine-Saint-Denis,84,https://www.senat.fr/senateur/laouedj_ahmed21078n.html,https://www.senat.fr/senimg/laouedj_ahmed21078n_carre.jpg,Ahmed Laouedj,-0.5256631106991696,0.340786193912013
21079P,-0.6991513449132997,-0.06780553233955756,Senée,Ghislaine,GEST,GEST,Yvelines,195,https://www.senat.fr/senateur/senee_ghislaine21079p.html,https://www.senat.fr/senimg/senee_ghislaine21079p_carre.jpg,Ghislaine Senée,-0.6991513449132997,-0.12022257507013755
21080G,0.6836532701270946,-0.03190888137321654,Michallet,Damien,UMP,Les Républicains,Isère,101,https://www.senat.fr/senateur/michallet_damien21080g.html,https://www.senat.fr/senimg/michallet_damien21080g_carre.jpg,Damien Michallet,0.6836532701270946,-0.05657603080357543
21081H,0.6063350362454273,-0.014824843176198144,Khalifé,Khalifé,UMP,Les Républicains,Moselle,225,https://www.senat.fr/senateur/khalife_khalife21081h.html,https://www.senat.fr/senimg/khalife_khalife21081h_carre.jpg,Khalifé Khalifé,0.6063350362454273,-0.026285182936521535
21082J,-0.7682363119029617,0.03104551405302236,Weber,Michaël,SOC,SER,Moselle,191,https://www.senat.fr/senateur/weber_michael21082j.html,https://www.senat.fr/senimg/weber_michael21082j_carre.jpg,Michaël Weber,-0.7682363119029617,0.05504523768266376
21083K,0.226689083897769,0.0871102111237911,Cambier,Guislain,UC,UC,Nord,322,https://www.senat.fr/senateur/cambier_guislain21083k.html,https://www.senat.fr/senimg/cambier_guislain21083k_carre.jpg,Guislain Cambier,0.226689083897769,0.15445072894289202
21084L,-0.727386937249485,-0.16483177804621518,Barros,Pierre,CRC,CRCE-K,Val-d'Oise,104,https://www.senat.fr/senateur/barros_pierre21084l.html,https://www.senat.fr/senimg/barros_pierre21084l_carre.jpg,Pierre Barros,-0.727386937249485,-0.29225492561385674
21085M,-0.09083616399408348,0.00786709753055927,Hochart,Joshua,NI,NI,Nord,271,https://www.senat.fr/senateur/hochart_joshua21085m.html,https://www.senat.fr/senimg/hochart_joshua21085m_carre.jpg,Joshua Hochart,-0.09083616399408348,0.013948754486807219
21086N,0.220414739121039,0.08857078106677337,Fargeot,Daniel,UC,UC,Val-d'Oise,165,https://www.senat.fr/senateur/fargeot_daniel21086n.html,https://www.senat.fr/senimg/fargeot_daniel21086n_carre.jpg,Daniel Fargeot,0.220414739121039,0.15704039196236413
21087P,0.09205522010422265,0.11884804479815746,Lermytte,Marie-Claude,RTLI,Les Indépendants,Nord,311,https://www.senat.fr/senateur/lermytte_marie_claude21087p.html,https://www.senat.fr/senimg/lermytte_marie_claude21087p_carre.jpg,Marie-Claude Lermytte,0.09205522010422265,0.21072348368467636
21088Q,-0.6972727272115975,-0.13119847672506654,Brossat,Ian,CRC,CRCE-K,Paris,142,https://www.senat.fr/senateur/brossat_ian21088q.html,https://www.senat.fr/senimg/brossat_ian21088q_carre.jpg,Ian Brossat,-0.6972727272115975,-0.2326214126330967
21089R,-0.8220775662662024,0.04475016243775676,Brossel,Colombe,SOC,SER,Paris,187,https://www.senat.fr/senateur/brossel_colombe21089r.html,https://www.senat.fr/senimg/brossel_colombe21089r_carre.jpg,Colombe Brossel,-0.8220775662662024,0.0793442596414127
21090J,0.576105961295101,-0.01868280699760625,Carrère-Gée,Marie-Claire,UMP,Les Républicains,Paris,218,https://www.senat.fr/senateur/carrere_gee_marie_claire21090j.html,https://www.senat.fr/senimg/carrere_gee_marie_claire21090j_carre.jpg,Marie-Claire Carrère-Gée,0.576105961295101,-0.0331255443219969
21091K,0.6778260536739243,-0.027698578950218586,Evren,Agnès,UMP,Les Républicains,Paris,34,https://www.senat.fr/senateur/evren_agnes21091k.html,https://www.senat.fr/senimg/evren_agnes21091k_carre.jpg,Agnès Evren,0.6778260536739243,-0.04911095558549395
21092L,-0.7118683651876231,-0.08290256715538484,Guhl,Antoinette,GEST,GEST,Paris,250,https://www.senat.fr/senateur/guhl_antoinette21092l.html,https://www.senat.fr/senimg/guhl_antoinette21092l_carre.jpg,Antoinette Guhl,-0.7118683651876231,-0.14699036729678164
21093M,-0.7569318669820675,-0.091928765612312,Jadot,Yannick,GEST,GEST,Paris,196,https://www.senat.fr/senateur/jadot_yannick21093m.html,https://www.senat.fr/senimg/jadot_yannick21093m_carre.jpg,Yannick Jadot,-0.7569318669820675,-0.16299426527005675
21094N,-0.7011956847152752,-0.058751457001725106,Souyris,Anne,GEST,GEST,Paris,305,https://www.senat.fr/senateur/souyris_anne21094n.html,https://www.senat.fr/senimg/souyris_anne21094n_carre.jpg,Anne Souyris,-0.7011956847152752,-0.10416925000305871
21095P,0.5883929203823989,-0.034817413211639316,Szpiner,Francis,UMP,Les Républicains,Paris,222,https://www.senat.fr/senateur/szpiner_francis21095p.html,https://www.senat.fr/senimg/szpiner_francis21095p_carre.jpg,Francis Szpiner,0.5883929203823989,-0.06173300214829667
21096Q,-0.20789730080124938,0.3879004318659651,Buval,Frédéric,LREM,RDPI,Martinique,200,https://www.senat.fr/senateur/buval_frederic21096q.html,https://www.senat.fr/senimg/buval_frederic21096q_carre.jpg,Frédéric Buval,-0.20789730080124938,0.6877667231666049
21097R,-0.20640806862452932,0.4427712179376369,Nadille,Solanges,LREM,RDPI,Guadeloupe,199,https://www.senat.fr/senateur/nadille_solanges21097r.html,https://www.senat.fr/senimg/nadille_solanges21097r_carre.jpg,Solanges Nadille,-0.20640806862452932,0.785055350953257
21125C,0.6678944955914665,-0.04636297897449199,Bellamy,Marie-Jeanne,UMP,Les Républicains,Vienne,67,https://www.senat.fr/senateur/bellamy_marie_jeanne21125c.html,https://www.senat.fr/senimg/bellamy_marie_jeanne21125c_carre.jpg,Marie-Jeanne Bellamy,0.6678944955914665,-0.08220386342995036
21404G,-0.5146020909056102,0.1932135193228898,Briante Guillemont,Sophie,RDSE,RDSE,Français établis hors de France (Série 2),120,https://www.senat.fr/senateur/briante_guillemont_sophie21404g.html,https://www.senat.fr/senimg/briante_guillemont_sophie21404g_carre.jpg,Sophie Briante Guillemont,-0.5146020909056102,0.3425771619200174
21415K,0.184300534165883,0.11550532643213587,Housseau,Marie-Lise,UC,UC,Tarn,53,https://www.senat.fr/senateur/housseau_marie_lise21415k.html,https://www.senat.fr/senimg/housseau_marie_lise21415k_carre.jpg,Marie-Lise Housseau,0.184300534165883,0.20479667807116292
21421H,0.18946378554560106,0.12051447487097963,Patru,Anne-Sophie,UC,UC,Ille-et-Vilaine,5,https://www.senat.fr/senateur/patru_anne_sophie21421h.html,https://www.senat.fr/senimg/patru_anne_sophie21421h_carre.jpg,Anne-Sophie Patru,0.18946378554560106,0.21367814693436107
21460Q,-0.6279437590483855,-0.1497059240696224,Basquin,Alexandre,CRC,CRCE-K,Nord,14,https://www.senat.fr/senateur/basquin_alexandre21460q.html,https://www.senat.fr/senimg/basquin_alexandre21460q_carre.jpg,Alexandre Basquin,-0.6279437590483855,-0.2654360355844369
21486B,0.7580383863420567,-0.07233778799826009,Margueritte,David,UMP,Les Républicains,Manche,102,https://www.senat.fr/senateur/margueritte_david21486b.html,https://www.senat.fr/senimg/margueritte_david21486b_carre.jpg,David Margueritte,0.7580383863420567,-0.1282584893586172
21510H,0.554885211182583,-0.023423103718797286,Séné,Marc,UMP,Les Républicains,Bas-Rhin,139,https://www.senat.fr/senateur/sene_marc21510h.html,https://www.senat.fr/senimg/sene_marc21510h_carre.jpg,Marc Séné,0.554885211182583,-0.041530325742548384
21512K,-0.7204382448409867,0.0629584048290682,Matray,Paulette,SOC,SER,Saône-et-Loire,148,https://www.senat.fr/senateur/matray_paulette21512k.html,https://www.senat.fr/senimg/matray_paulette21512k_carre.jpg,Paulette Matray,-0.7204382448409867,0.1116283773565039
21514M,0.18298220221819309,0.10899297746324739,Bessin-Guérin,Marie-Pierre,RTLI,Les Indépendants,Loire-Atlantique,309,https://www.senat.fr/senateur/bessin_guerin_marie_pierre21514m.html,https://www.senat.fr/senimg/bessin_guerin_marie_pierre21514m_carre.jpg,Marie-Pierre Bessin-Guérin,0.18298220221819309,0.1932499600412188
21534R,0.6408929471813382,0.0056913639668598245,Mouton,Marie-Pierre,UMP,Les Républicains,Drôme,333,https://www.senat.fr/senateur/mouton_marie_pierre21534r.html,https://www.senat.fr/senimg/mouton_marie_pierre21534r_carre.jpg,Marie-Pierre Mouton,0.6408929471813382,0.01009107086322664
21584C,0.40518909045397855,0.07712119466742469,Boileau,Pierre,UMP,Les Républicains,Meurthe-et-Moselle,89,https://www.senat.fr/senateur/boileau_pierre21584c.html,https://www.senat.fr/senimg/boileau_pierre21584c_carre.jpg,Pierre Boileau,0.40518909045397855,0.136739706857136
21592C,0.47244286982990996,0.024046319310830625,Paire,Sandra,UMP,Les Républicains,Alpes-Maritimes,347,https://www.senat.fr/senateur/paire_sandra21592c.html,https://www.senat.fr/senimg/paire_sandra21592c_carre.jpg,Sandra Paire,0.47244286982990996,0.04263531792700466
86034E,0.6553407427052386,-0.04799853581165948,Larcher,Gérard,UMP,Les Républicains,Yvelines,9,https://www.senat.fr/senateur/larcher_gerard86034e.html,https://www.senat.fr/senimg/larcher_gerard86034e_carre.jpg,Gérard Larcher,0.6553407427052386,-0.08510378690010546
95041E,0.6084914762697301,-0.018844118206421175,Joyandet,Alain,UMP,Les Républicains,Haute-Saône,126,https://www.senat.fr/senateur/joyandet_alain95041e.html,https://www.senat.fr/senimg/joyandet_alain95041e_carre.jpg,Alain Joyandet,0.6084914762697301,-0.03341155710358365
99004R,0.6494529701786481,-0.02273470536979138,Karoutchi,Roger,UMP,Les Républicains,Hauts-de-Seine,31,https://www.senat.fr/senateur/karoutchi_roger99004r.html,https://www.senat.fr/senimg/karoutchi_roger99004r_carre.jpg,Roger Karoutchi,0.6494529701786481,-0.04030976129395635
